pass,setting,shms_p_GeV,dp_label,delta_center,dp_lo,dp_hi,variable,measured,measured_err,sigma,sigma_err,predicted,residual,residual_err_FromMeasuredOnly,pull_FromMeasuredOnly,dthe_b1,dthe_b2,dthe_b3,dthe_b4,dpe_b1,dpe_b2,dpe_b3,dpe_b4,dthp,dpp,chi2,n_obs,n_params,ndf,chi2_ndf,success,message,nit,nfev
4pass,A,-7.0700,b1,-1.5000,-2.0000,-1.0000,W,1.2124,0.9038,22.0324,0.0633,7.9229,-6.7106,0.9038,-7.4249,0.6423,0.9393,0.9502,0.9482,-1.9683,-2.0497,-2.2642,-2.6606,-4.9576,4.1534,2959.6113,32,10,22,134.5278,True,Optimization terminated successfully.,7216,10168
4pass,A,-7.0700,b1,-1.5000,-2.0000,-1.0000,Em,5.7845,0.2555,5.2964,0.0167,5.1740,0.6104,0.2555,2.3888,0.6423,0.9393,0.9502,0.9482,-1.9683,-2.0497,-2.2642,-2.6606,-4.9576,4.1534,2959.6113,32,10,22,134.5278,True,Optimization terminated successfully.,7216,10168
4pass,A,-7.0700,b1,-1.5000,-2.0000,-1.0000,Pmz,-6.6910,0.4831,9.6160,0.0328,-2.3351,-4.3559,0.4831,-9.0174,0.6423,0.9393,0.9502,0.9482,-1.9683,-2.0497,-2.2642,-2.6606,-4.9576,4.1534,2959.6113,32,10,22,134.5278,True,Optimization terminated successfully.,7216,10168
4pass,A,-7.0700,b1,-1.5000,-2.0000,-1.0000,Pmy,4.0985,0.2890,8.6674,0.0182,2.5696,1.5289,0.2890,5.2895,0.6423,0.9393,0.9502,0.9482,-1.9683,-2.0497,-2.2642,-2.6606,-4.9576,4.1534,2959.6113,32,10,22,134.5278,True,Optimization terminated successfully.,7216,10168
4pass,A,-7.0700,b2,-0.5000,-1.0000,0.0000,W,2.6866,0.7677,20.7562,0.0400,4.4426,-1.7560,0.7677,-2.2873,0.6423,0.9393,0.9502,0.9482,-1.9683,-2.0497,-2.2642,-2.6606,-4.9576,4.1534,2959.6113,32,10,22,134.5278,True,Optimization terminated successfully.,7216,10168
4pass,A,-7.0700,b2,-0.5000,-1.0000,0.0000,Em,5.9958,0.2331,5.5356,0.0124,5.7488,0.2470,0.2331,1.0598,0.6423,0.9393,0.9502,0.9482,-1.9683,-2.0497,-2.2642,-2.6606,-4.9576,4.1534,2959.6113,32,10,22,134.5278,True,Optimization terminated successfully.,7216,10168
4pass,A,-7.0700,b2,-0.5000,-1.0000,0.0000,Pmz,-6.2080,0.3709,9.1946,0.0198,-4.3768,-1.8312,0.3709,-4.9375,0.6423,0.9393,0.9502,0.9482,-1.9683,-2.0497,-2.2642,-2.6606,-4.9576,4.1534,2959.6113,32,10,22,134.5278,True,Optimization terminated successfully.,7216,10168
4pass,A,-7.0700,b2,-0.5000,-1.0000,0.0000,Pmy,6.0082,0.2759,8.5122,0.0132,3.3193,2.6889,0.2759,9.7449,0.6423,0.9393,0.9502,0.9482,-1.9683,-2.0497,-2.2642,-2.6606,-4.9576,4.1534,2959.6113,32,10,22,134.5278,True,Optimization terminated successfully.,7216,10168
4pass,A,-7.0700,b3,0.5000,0.0000,1.0000,W,8.6998,0.6829,19.9468,0.0347,6.1395,2.5603,0.6829,3.7491,0.6423,0.9393,0.9502,0.9482,-1.9683,-2.0497,-2.2642,-2.6606,-4.9576,4.1534,2959.6113,32,10,22,134.5278,True,Optimization terminated successfully.,7216,10168
4pass,A,-7.0700,b3,0.5000,0.0000,1.0000,Em,8.3490,0.2610,6.3439,0.0126,7.2635,1.0855,0.2610,4.1584,0.6423,0.9393,0.9502,0.9482,-1.9683,-2.0497,-2.2642,-2.6606,-4.9576,4.1534,2959.6113,32,10,22,134.5278,True,Optimization terminated successfully.,7216,10168
4pass,A,-7.0700,b3,0.5000,0.0000,1.0000,Pmz,-6.6962,0.3575,9.7505,0.0176,-5.3187,-1.3776,0.3575,-3.8536,0.6423,0.9393,0.9502,0.9482,-1.9683,-2.0497,-2.2642,-2.6606,-4.9576,4.1534,2959.6113,32,10,22,134.5278,True,Optimization terminated successfully.,7216,10168
4pass,A,-7.0700,b3,0.5000,0.0000,1.0000,Pmy,7.6604,0.2962,9.0765,0.0136,2.1301,5.5303,0.2962,18.6708,0.6423,0.9393,0.9502,0.9482,-1.9683,-2.0497,-2.2642,-2.6606,-4.9576,4.1534,2959.6113,32,10,22,134.5278,True,Optimization terminated successfully.,7216,10168
4pass,A,-7.0700,b4,1.5000,1.0000,2.0000,W,14.6897,0.5218,15.6849,0.0308,9.5832,5.1065,0.5218,9.7855,0.6423,0.9393,0.9502,0.9482,-1.9683,-2.0497,-2.2642,-2.6606,-4.9576,4.1534,2959.6113,32,10,22,134.5278,True,Optimization terminated successfully.,7216,10168
4pass,A,-7.0700,b4,1.5000,1.0000,2.0000,Em,12.5732,0.2264,6.2364,0.0134,10.0615,2.5118,0.2264,11.0926,0.6423,0.9393,0.9502,0.9482,-1.9683,-2.0497,-2.2642,-2.6606,-4.9576,4.1534,2959.6113,32,10,22,134.5278,True,Optimization terminated successfully.,7216,10168
4pass,A,-7.0700,b4,1.5000,1.0000,2.0000,Pmz,-7.6321,0.2803,8.2280,0.0168,-6.9323,-0.6997,0.2803,-2.4966,0.6423,0.9393,0.9502,0.9482,-1.9683,-2.0497,-2.2642,-2.6606,-4.9576,4.1534,2959.6113,32,10,22,134.5278,True,Optimization terminated successfully.,7216,10168
4pass,A,-7.0700,b4,1.5000,1.0000,2.0000,Pmy,9.7096,0.3031,9.4489,0.0168,-0.1568,9.8663,0.3031,32.5560,0.6423,0.9393,0.9502,0.9482,-1.9683,-2.0497,-2.2642,-2.6606,-4.9576,4.1534,2959.6113,32,10,22,134.5278,True,Optimization terminated successfully.,7216,10168
4pass,B,-5.6700,b1,-1.5000,-2.0000,-1.0000,W,5.7612,1.1251,27.9537,0.4558,5.8354,-0.0742,1.1251,-0.0659,0.6423,0.9393,0.9502,0.9482,-1.9683,-2.0497,-2.2642,-2.6606,-4.9576,4.1534,2959.6113,32,10,22,134.5278,True,Optimization terminated successfully.,7216,10168
4pass,B,-5.6700,b1,-1.5000,-2.0000,-1.0000,Em,-6.3974,0.2853,6.6922,0.1114,-3.9362,-2.4611,0.2853,-8.6259,0.6423,0.9393,0.9502,0.9482,-1.9683,-2.0497,-2.2642,-2.6606,-4.9576,4.1534,2959.6113,32,10,22,134.5278,True,Optimization terminated successfully.,7216,10168
4pass,B,-5.6700,b1,-1.5000,-2.0000,-1.0000,Pmz,8.2417,0.4073,9.8457,0.1465,5.5087,2.7330,0.4073,6.7107,0.6423,0.9393,0.9502,0.9482,-1.9683,-2.0497,-2.2642,-2.6606,-4.9576,4.1534,2959.6113,32,10,22,134.5278,True,Optimization terminated successfully.,7216,10168
4pass,B,-5.6700,b1,-1.5000,-2.0000,-1.0000,Pmy,6.2885,0.3156,9.8439,0.1073,12.4480,-6.1595,0.3156,-19.5172,0.6423,0.9393,0.9502,0.9482,-1.9683,-2.0497,-2.2642,-2.6606,-4.9576,4.1534,2959.6113,32,10,22,134.5278,True,Optimization terminated successfully.,7216,10168
4pass,B,-5.6700,b2,-0.5000,-1.0000,0.0000,W,6.1964,1.0936,27.6742,0.4359,1.3898,4.8067,1.0936,4.3952,0.6423,0.9393,0.9502,0.9482,-1.9683,-2.0497,-2.2642,-2.6606,-4.9576,4.1534,2959.6113,32,10,22,134.5278,True,Optimization terminated successfully.,7216,10168
4pass,B,-5.6700,b2,-0.5000,-1.0000,0.0000,Em,-4.3021,0.3097,6.9920,0.1201,-3.4754,-0.8266,0.3097,-2.6694,0.6423,0.9393,0.9502,0.9482,-1.9683,-2.0497,-2.2642,-2.6606,-4.9576,4.1534,2959.6113,32,10,22,134.5278,True,Optimization terminated successfully.,7216,10168
4pass,B,-5.6700,b2,-0.5000,-1.0000,0.0000,Pmz,5.2128,0.4007,9.7185,0.1365,3.9311,1.2817,0.4007,3.1986,0.6423,0.9393,0.9502,0.9482,-1.9683,-2.0497,-2.2642,-2.6606,-4.9576,4.1534,2959.6113,32,10,22,134.5278,True,Optimization terminated successfully.,7216,10168
4pass,B,-5.6700,b2,-0.5000,-1.0000,0.0000,Pmy,8.3823,0.3338,10.2538,0.1114,13.1939,-4.8116,0.3338,-14.4136,0.6423,0.9393,0.9502,0.9482,-1.9683,-2.0497,-2.2642,-2.6606,-4.9576,4.1534,2959.6113,32,10,22,134.5278,True,Optimization terminated successfully.,7216,10168
4pass,B,-5.6700,b3,0.5000,0.0000,1.0000,W,10.3527,0.9993,26.4470,0.3620,3.0514,7.3012,0.9993,7.3065,0.6423,0.9393,0.9502,0.9482,-1.9683,-2.0497,-2.2642,-2.6606,-4.9576,4.1534,2959.6113,32,10,22,134.5278,True,Optimization terminated successfully.,7216,10168
4pass,B,-5.6700,b3,0.5000,0.0000,1.0000,Em,-2.4984,0.2967,6.8329,0.1132,-2.2612,-0.2373,0.2967,-0.7996,0.6423,0.9393,0.9502,0.9482,-1.9683,-2.0497,-2.2642,-2.6606,-4.9576,4.1534,2959.6113,32,10,22,134.5278,True,Optimization terminated successfully.,7216,10168
4pass,B,-5.6700,b3,0.5000,0.0000,1.0000,Pmz,3.5988,0.4198,10.1111,0.1427,3.0929,0.5059,0.4198,1.2050,0.6423,0.9393,0.9502,0.9482,-1.9683,-2.0497,-2.2642,-2.6606,-4.9576,4.1534,2959.6113,32,10,22,134.5278,True,Optimization terminated successfully.,7216,10168
4pass,B,-5.6700,b3,0.5000,0.0000,1.0000,Pmy,9.3315,0.3250,10.0149,0.1026,12.3114,-2.9799,0.3250,-9.1677,0.6423,0.9393,0.9502,0.9482,-1.9683,-2.0497,-2.2642,-2.6606,-4.9576,4.1534,2959.6113,32,10,22,134.5278,True,Optimization terminated successfully.,7216,10168
4pass,B,-5.6700,b4,1.5000,1.0000,2.0000,W,14.9436,0.8736,24.5994,0.3177,6.5015,8.4421,0.8736,9.6635,0.6423,0.9393,0.9502,0.9482,-1.9683,-2.0497,-2.2642,-2.6606,-4.9576,4.1534,2959.6113,32,10,22,134.5278,True,Optimization terminated successfully.,7216,10168
4pass,B,-5.6700,b4,1.5000,1.0000,2.0000,Em,-0.2024,0.3002,6.9875,0.1121,-0.0180,-0.1844,0.3002,-0.6142,0.6423,0.9393,0.9502,0.9482,-1.9683,-2.0497,-2.2642,-2.6606,-4.9576,4.1534,2959.6113,32,10,22,134.5278,True,Optimization terminated successfully.,7216,10168
4pass,B,-5.6700,b4,1.5000,1.0000,2.0000,Pmz,2.5057,0.3810,9.1701,0.1209,1.6389,0.8669,0.3810,2.2754,0.6423,0.9393,0.9502,0.9482,-1.9683,-2.0497,-2.2642,-2.6606,-4.9576,4.1534,2959.6113,32,10,22,134.5278,True,Optimization terminated successfully.,7216,10168
4pass,B,-5.6700,b4,1.5000,1.0000,2.0000,Pmy,10.3088,0.3237,10.0077,0.1018,10.6000,-0.2912,0.3237,-0.8996,0.6423,0.9393,0.9502,0.9482,-1.9683,-2.0497,-2.2642,-2.6606,-4.9576,4.1534,2959.6113,32,10,22,134.5278,True,Optimization terminated successfully.,7216,10168
