Detector,2026 rsidis,2025 rsidis,diff,status
hchv13:00:000:IMon,403.5,403.5,0.0,MATCH
hchv13:00:000:V0Set,1115,1115,0,MATCH
hchv13:00:000:VMon,1115,1115,0,MATCH
hchv13:00:001:IMon,512.5,513,-0.5,MATCH
hchv13:00:001:V0Set,1420,1420,0,MATCH
hchv13:00:001:VMon,1420.5,1420,0.5,MATCH
hchv13:00:002:IMon,542,541.5,0.5,MATCH
hchv13:00:002:V0Set,1490,1490,0,MATCH
hchv13:00:002:VMon,1490,1490,0,MATCH
hchv13:00:003:IMon,553,553,0,MATCH
hchv13:00:003:V0Set,1525,1525,0,MATCH
hchv13:00:003:VMon,1525.5,1525.5,0.0,MATCH
hchv13:00:004:IMon,533.5,533.5,0.0,MATCH
hchv13:00:004:V0Set,1480,1480,0,MATCH
hchv13:00:004:VMon,1480.5,1480,0.5,MATCH
hchv13:00:005:IMon,511.5,511.5,0.0,MATCH
hchv13:00:005:V0Set,1415,1415,0,MATCH
hchv13:00:005:VMon,1415.5,1415,0.5,MATCH
hchv13:00:006:IMon,517.5,517.5,0.0,MATCH
hchv13:00:006:V0Set,1435,1435,0,MATCH
hchv13:00:006:VMon,1435.5,1435,0.5,MATCH
hchv13:00:007:IMon,452.5,452.5,0.0,MATCH
hchv13:00:007:V0Set,1255,1255,0,MATCH
hchv13:00:007:VMon,1256,1255,1,MATCH
hchv13:00:008:IMon,573.5,573,0.5,MATCH
hchv13:00:008:V0Set,1590,1590,0,MATCH
hchv13:00:008:VMon,1590,1590,0,MATCH
hchv13:00:009:IMon,522.5,522.5,0.0,MATCH
hchv13:00:009:V0Set,1450,1450,0,MATCH
hchv13:00:009:VMon,1450.5,1450,0.5,MATCH
hchv13:00:010:IMon,554,554,0,MATCH
hchv13:00:010:V0Set,1540,1540,0,MATCH
hchv13:00:010:VMon,1541,1540.5,0.5,MATCH
hchv13:00:011:IMon,498.5,498,0.5,MATCH
hchv13:00:011:V0Set,1385,1385,0,MATCH
hchv13:00:011:VMon,1386,1386,0,MATCH
hchv13:00:012:IMon,521,521,0,MATCH
hchv13:00:012:V0Set,1445,1445,0,MATCH
hchv13:00:012:VMon,1445,1445,0,MATCH
hchv13:00:013:IMon,504,503.5,0.5,MATCH
hchv13:00:013:V0Set,1400,1400,0,MATCH
hchv13:00:013:VMon,1400.5,1400.5,0.0,MATCH
hchv13:00:014:IMon,518,518,0,MATCH
hchv13:00:014:V0Set,1435,1435,0,MATCH
hchv13:00:014:VMon,1435.5,1435.5,0.0,MATCH
hchv13:00:015:IMon,467,467,0,MATCH
hchv13:00:015:V0Set,1295,1295,0,MATCH
hchv13:00:015:VMon,1295.5,1295.5,0.0,MATCH
hchv13:00:016:IMon,498.5,498,0.5,MATCH
hchv13:00:016:V0Set,1380,1380,0,MATCH
hchv13:00:016:VMon,1381,1380.5,0.5,MATCH
hchv13:00:017:IMon,550,550.5,-0.5,MATCH
hchv13:00:017:V0Set,1520,1520,0,MATCH
hchv13:00:017:VMon,1520.5,1520.5,0.0,MATCH
hchv13:00:018:IMon,504.5,504.5,0.0,MATCH
hchv13:00:018:V0Set,1400,1400,0,MATCH
hchv13:00:018:VMon,1400.5,1400.5,0.0,MATCH
hchv13:00:019:IMon,574,574,0,MATCH
hchv13:00:019:V0Set,1595,1595,0,MATCH
hchv13:00:019:VMon,1596,1595.5,0.5,MATCH
hchv13:00:020:IMon,517.5,517.5,0.0,MATCH
hchv13:00:020:V0Set,1435,1435,0,MATCH
hchv13:00:020:VMon,1435,1435,0,MATCH
hchv13:00:021:IMon,421,421,0,MATCH
hchv13:00:021:V0Set,1170,1170,0,MATCH
hchv13:00:021:VMon,1170.5,1170.5,0.0,MATCH
hchv13:00:022:IMon,558.5,558,0.5,MATCH
hchv13:00:022:V0Set,1550,1550,0,MATCH
hchv13:00:022:VMon,1551,1550.5,0.5,MATCH
hchv13:00:023:IMon,505,505.5,-0.5,MATCH
hchv13:00:023:V0Set,1400,1400,0,MATCH
hchv13:00:023:VMon,1400,1400,0,MATCH
hchv13:02:000:IMon,553,552.5,0.5,MATCH
hchv13:02:000:V0Set,1530,1530,0,MATCH
hchv13:02:000:VMon,1530.5,1530.5,0.0,MATCH
hchv13:02:002:IMon,570.5,570.5,0.0,MATCH
hchv13:02:002:V0Set,1575,1575,0,MATCH
hchv13:02:002:VMon,1574.5,1575,-0.5,MATCH
hchv13:02:003:IMon,507,507,0,MATCH
hchv13:02:003:V0Set,1400,1400,0,MATCH
hchv13:02:003:VMon,1399.5,1399.5,0.0,MATCH
hchv13:02:004:IMon,500,500,0,MATCH
hchv13:02:004:V0Set,1385,1385,0,MATCH
hchv13:02:004:VMon,1383.5,1384,-0.5,MATCH
hchv13:02:005:IMon,474,474.5,-0.5,MATCH
hchv13:02:005:V0Set,1325,1325,0,MATCH
hchv13:02:005:VMon,1324.5,1324.5,0.0,MATCH
hchv13:02:006:IMon,554.5,554,0.5,MATCH
hchv13:02:006:V0Set,1540,1540,0,MATCH
hchv13:02:006:VMon,1540.5,1540.5,0.0,MATCH
hchv13:02:007:IMon,561,561,0,MATCH
hchv13:02:007:V0Set,1555,1555,0,MATCH
hchv13:02:007:VMon,1554,1554.5,-0.5,MATCH
hchv13:02:008:IMon,497.5,497.5,0.0,MATCH
hchv13:02:008:V0Set,1380,1380,0,MATCH
hchv13:02:008:VMon,1380,1380,0,MATCH
hchv13:02:009:IMon,551.5,551.5,0.0,MATCH
hchv13:02:009:V0Set,1535,1535,0,MATCH
hchv13:02:009:VMon,1534,1534.5,-0.5,MATCH
hchv13:02:010:IMon,530.5,530,0.5,MATCH
hchv13:02:010:V0Set,1470,1470,0,MATCH
hchv13:02:010:VMon,1470,1470,0,MATCH
hchv13:02:011:IMon,467.5,467.5,0.0,MATCH
hchv13:02:011:V0Set,1300,1300,0,MATCH
hchv13:02:011:VMon,1300,1300,0,MATCH
hchv13:02:012:IMon,532,532,0,MATCH
hchv13:02:012:V0Set,1475,1475,0,MATCH
hchv13:02:012:VMon,1475,1474.5,0.5,MATCH
hchv13:02:013:IMon,553,552.5,0.5,MATCH
hchv13:02:013:V0Set,1535,1535,0,MATCH
hchv13:02:013:VMon,1535,1534.5,0.5,MATCH
hchv13:02:014:IMon,520.5,520.5,0.0,MATCH
hchv13:02:014:V0Set,1445,1445,0,MATCH
hchv13:02:014:VMon,1445,1445.5,-0.5,MATCH
hchv13:02:015:IMon,486,486,0,MATCH
hchv13:02:015:V0Set,1345,1345,0,MATCH
hchv13:02:015:VMon,1345,1345,0,MATCH
hchv13:02:016:IMon,523,523,0,MATCH
hchv13:02:016:V0Set,1445,1445,0,MATCH
hchv13:02:016:VMon,1445.5,1445,0.5,MATCH
hchv13:02:017:IMon,493.5,493.5,0.0,MATCH
hchv13:02:017:V0Set,1400,1400,0,MATCH
hchv13:02:017:VMon,1400.5,1400.5,0.0,MATCH
hchv13:02:018:IMon,431,431,0,MATCH
hchv13:02:018:V0Set,1200,1200,0,MATCH
hchv13:02:018:VMon,1200,1200,0,MATCH
hchv13:02:019:IMon,521,521,0,MATCH
hchv13:02:019:V0Set,1445,1445,0,MATCH
hchv13:02:019:VMon,1445.5,1445.5,0.0,MATCH
hchv13:02:020:IMon,519,519,0,MATCH
hchv13:02:020:V0Set,1440,1440,0,MATCH
hchv13:02:020:VMon,1440,1440,0,MATCH
hchv13:02:021:IMon,584.5,584.5,0.0,MATCH
hchv13:02:021:V0Set,1620,1620,0,MATCH
hchv13:02:021:VMon,1620.5,1620.5,0.0,MATCH
hchv13:02:022:IMon,533,533,0,MATCH
hchv13:02:022:V0Set,1480,1480,0,MATCH
hchv13:02:022:VMon,1480.5,1480.5,0.0,MATCH
hchv13:02:023:IMon,531.5,531.5,0.0,MATCH
hchv13:02:023:V0Set,1470,1470,0,MATCH
hchv13:02:023:VMon,1471,1471,0,MATCH
hchv13:04:000:IMon,552,552,0,MATCH
hchv13:04:000:V0Set,1530,1530,0,MATCH
hchv13:04:000:VMon,1531,1531,0,MATCH
hchv13:04:001:IMon,454,453.5,0.5,MATCH
hchv13:04:001:V0Set,1260,1260,0,MATCH
hchv13:04:001:VMon,1261,1260.5,0.5,MATCH
hchv13:04:002:IMon,482,482.5,-0.5,MATCH
hchv13:04:002:V0Set,1335,1335,0,MATCH
hchv13:04:002:VMon,1335.5,1336,-0.5,MATCH
hchv13:04:003:IMon,537.5,537.5,0.0,MATCH
hchv13:04:003:V0Set,1485,1485,0,MATCH
hchv13:04:003:VMon,1485.5,1486,-0.5,MATCH
hchv13:04:004:IMon,469.5,469.5,0.0,MATCH
hchv13:04:004:V0Set,1310,1310,0,MATCH
hchv13:04:004:VMon,1311.5,1311,0.5,MATCH
hchv13:04:005:IMon,464.5,464.5,0.0,MATCH
hchv13:04:005:V0Set,1290,1290,0,MATCH
hchv13:04:005:VMon,1290.5,1291,-0.5,MATCH
hchv13:04:006:IMon,486.5,487,-0.5,MATCH
hchv13:04:006:V0Set,1350,1350,0,MATCH
hchv13:04:006:VMon,1350,1350.5,-0.5,MATCH
hchv13:04:007:IMon,502.5,502.5,0.0,MATCH
hchv13:04:007:V0Set,1400,1400,0,MATCH
hchv13:04:007:VMon,1401,1401,0,MATCH
hchv13:04:008:IMon,478,478,0,MATCH
hchv13:04:008:V0Set,1325,1325,0,MATCH
hchv13:04:008:VMon,1326,1326,0,MATCH
hchv13:04:009:IMon,508,508,0,MATCH
hchv13:04:009:V0Set,1410,1410,0,MATCH
hchv13:04:009:VMon,1410,1410,0,MATCH
hchv13:04:010:IMon,556.5,556,0.5,MATCH
hchv13:04:010:V0Set,1550,1550,0,MATCH
hchv13:04:010:VMon,1550.5,1550.5,0.0,MATCH
hchv13:04:011:IMon,494.5,494,0.5,MATCH
hchv13:04:011:V0Set,1375,1375,0,MATCH
hchv13:04:011:VMon,1376,1376,0,MATCH
hchv13:04:012:IMon,553,552.5,0.5,MATCH
hchv13:04:012:V0Set,1530,1530,0,MATCH
hchv13:04:012:VMon,1530.5,1531,-0.5,MATCH
hchv13:04:013:IMon,521,521,0,MATCH
hchv13:04:013:V0Set,1455,1455,0,MATCH
hchv13:04:013:VMon,1455.5,1455.5,0.0,MATCH
hchv13:04:014:IMon,527.5,527.5,0.0,MATCH
hchv13:04:014:V0Set,1465,1465,0,MATCH
hchv13:04:014:VMon,1465.5,1465.5,0.0,MATCH
hchv13:04:015:IMon,430,430,0,MATCH
hchv13:04:015:V0Set,1190,1190,0,MATCH
hchv13:04:015:VMon,1190.5,1191,-0.5,MATCH
hchv13:04:016:IMon,531,531,0,MATCH
hchv13:04:016:V0Set,1475,1475,0,MATCH
hchv13:04:016:VMon,1475.5,1475.5,0.0,MATCH
hchv13:04:017:IMon,562.5,562,0.5,MATCH
hchv13:04:017:V0Set,1555,1555,0,MATCH
hchv13:04:017:VMon,1555.5,1555.5,0.0,MATCH
hchv13:04:018:IMon,531,531,0,MATCH
hchv13:04:018:V0Set,1475,1475,0,MATCH
hchv13:04:018:VMon,1475,1475.5,-0.5,MATCH
hchv13:04:019:IMon,515.5,515.5,0.0,MATCH
hchv13:04:019:V0Set,1440,1440,0,MATCH
hchv13:04:019:VMon,1439,1439.5,-0.5,MATCH
hchv13:04:020:IMon,540,539.5,0.5,MATCH
hchv13:04:020:V0Set,1500,1500,0,MATCH
hchv13:04:020:VMon,1500,1500.5,-0.5,MATCH
hchv13:04:021:IMon,505,504.5,0.5,MATCH
hchv13:04:021:V0Set,1400,1400,0,MATCH
hchv13:04:021:VMon,1400,1400.5,-0.5,MATCH
hchv13:04:022:IMon,469,469.5,-0.5,MATCH
hchv13:04:022:V0Set,1310,1310,0,MATCH
hchv13:04:022:VMon,1310,1310,0,MATCH
hchv13:04:023:IMon,526.5,526,0.5,MATCH
hchv13:04:023:V0Set,1460,1460,0,MATCH
hchv13:04:023:VMon,1460.5,1460.5,0.0,MATCH
hchv13:06:000:IMon,555,554.5,0.5,MATCH
hchv13:06:000:V0Set,1535,1535,0,MATCH
hchv13:06:000:VMon,1534.5,1535.5,-1.0,MATCH
hchv13:06:001:IMon,520,520.5,-0.5,MATCH
hchv13:06:001:V0Set,1440,1440,0,MATCH
hchv13:06:001:VMon,1439,1439.5,-0.5,MATCH
hchv13:06:002:IMon,566.5,566,0.5,MATCH
hchv13:06:002:V0Set,1565,1565,0,MATCH
hchv13:06:002:VMon,1565,1564.5,0.5,MATCH
hchv13:06:003:IMon,459.5,459.5,0.0,MATCH
hchv13:06:003:V0Set,1270,1270,0,MATCH
hchv13:06:003:VMon,1270.5,1270.5,0.0,MATCH
hchv13:06:004:IMon,482.5,483,-0.5,MATCH
hchv13:06:004:V0Set,1340,1340,0,MATCH
hchv13:06:004:VMon,1339.5,1340,-0.5,MATCH
hchv13:06:005:IMon,454.5,454,0.5,MATCH
hchv13:06:005:V0Set,1260,1260,0,MATCH
hchv13:06:005:VMon,1259.5,1260,-0.5,MATCH
hchv13:06:006:IMon,545.5,545.5,0.0,MATCH
hchv13:06:006:V0Set,1515,1515,0,MATCH
hchv13:06:006:VMon,1514.5,1515.5,-1.0,MATCH
hchv13:06:007:IMon,485,485,0,MATCH
hchv13:06:007:V0Set,1350,1350,0,MATCH
hchv13:06:007:VMon,1350,1350,0,MATCH
hchv13:06:008:IMon,511.5,511,0.5,MATCH
hchv13:06:008:V0Set,1420,1420,0,MATCH
hchv13:06:008:VMon,1420,1420,0,MATCH
hchv13:06:009:IMon,522.5,523,-0.5,MATCH
hchv13:06:009:V0Set,1450,1450,0,MATCH
hchv13:06:009:VMon,1450.5,1450.5,0.0,MATCH
hchv13:06:010:IMon,565.5,565.5,0.0,MATCH
hchv13:06:010:V0Set,1570,1570,0,MATCH
hchv13:06:010:VMon,1569.5,1570.5,-1.0,MATCH
hchv13:06:011:IMon,504.5,504,0.5,MATCH
hchv13:06:011:V0Set,1400,1400,0,MATCH
hchv13:06:011:VMon,1400,1400,0,MATCH
hchv13:06:012:IMon,473.5,473.5,0.0,MATCH
hchv13:06:012:V0Set,1315,1315,0,MATCH
hchv13:06:012:VMon,1315,1315,0,MATCH
hchv13:06:013:IMon,523,523,0,MATCH
hchv13:06:013:V0Set,1455,1455,0,MATCH
hchv13:06:013:VMon,1454.5,1455,-0.5,MATCH
hchv13:06:014:IMon,503,502.5,0.5,MATCH
hchv13:06:014:V0Set,1395,1395,0,MATCH
hchv13:06:014:VMon,1394.5,1394.5,0.0,MATCH
hchv13:06:015:IMon,532,532,0,MATCH
hchv13:06:015:V0Set,1475,1475,0,MATCH
hchv13:06:015:VMon,1475,1475,0,MATCH
hchv13:06:016:IMon,492.5,492.5,0.0,MATCH
hchv13:06:016:V0Set,1360,1360,0,MATCH
hchv13:06:016:VMon,1359.5,1360,-0.5,MATCH
hchv13:06:017:IMon,565.5,565.5,0.0,MATCH
hchv13:06:017:V0Set,1595,1595,0,MATCH
hchv13:06:017:VMon,1594.5,1594,0.5,MATCH
hchv13:06:018:IMon,533,532.5,0.5,MATCH
hchv13:06:018:V0Set,1480,1480,0,MATCH
hchv13:06:018:VMon,1479.5,1480,-0.5,MATCH
hchv13:06:019:IMon,435,435.5,-0.5,MATCH
hchv13:06:019:V0Set,1210,1210,0,MATCH
hchv13:06:019:VMon,1209.5,1210,-0.5,MATCH
hchv13:06:020:IMon,507,507.5,-0.5,MATCH
hchv13:06:020:V0Set,1405,1405,0,MATCH
hchv13:06:020:VMon,1404.5,1404.5,0.0,MATCH
hchv13:06:021:IMon,530,530,0,MATCH
hchv13:06:021:V0Set,1470,1470,0,MATCH
hchv13:06:021:VMon,1469.5,1470,-0.5,MATCH
hchv13:06:022:IMon,530.5,530.5,0.0,MATCH
hchv13:06:022:V0Set,1475,1475,0,MATCH
hchv13:06:022:VMon,1474.5,1475.5,-1.0,MATCH
hchv13:06:023:IMon,509.5,509.5,0.0,MATCH
hchv13:06:023:V0Set,1415,1415,0,MATCH
hchv13:06:023:VMon,1414,1414.5,-0.5,MATCH
hchv13:08:000:IMon,555,554,1,MATCH
hchv13:08:000:V0Set,1540,1540,0,MATCH
hchv13:08:000:VMon,1540,1541,-1,MATCH
hchv13:08:001:IMon,435,434.5,0.5,MATCH
hchv13:08:001:V0Set,1205,1205,0,MATCH
hchv13:08:001:VMon,1205.5,1206,-0.5,MATCH
hchv13:08:002:IMon,506,507,-1,MATCH
hchv13:08:002:V0Set,1400,1400,0,MATCH
hchv13:08:002:VMon,1400.5,1401,-0.5,MATCH
hchv13:08:003:IMon,552.5,552,0.5,MATCH
hchv13:08:003:V0Set,1525,1525,0,MATCH
hchv13:08:003:VMon,1526,1526,0,MATCH
hchv13:08:004:IMon,513,512.5,0.5,MATCH
hchv13:08:004:V0Set,1420,1420,0,MATCH
hchv13:08:004:VMon,1420.5,1421,-0.5,MATCH
hchv13:08:005:IMon,508,508.5,-0.5,MATCH
hchv13:08:005:V0Set,1410,1410,0,MATCH
hchv13:08:005:VMon,1410,1411,-1,MATCH
hchv13:08:006:IMon,493.5,493,0.5,MATCH
hchv13:08:006:V0Set,1370,1370,0,MATCH
hchv13:08:006:VMon,1372,1371.5,0.5,MATCH
hchv13:08:007:IMon,497.5,497,0.5,MATCH
hchv13:08:007:V0Set,1380,1380,0,MATCH
hchv13:08:007:VMon,1381,1380.5,0.5,MATCH
hchv13:08:008:IMon,547,547.5,-0.5,MATCH
hchv13:08:008:V0Set,1520,1520,0,MATCH
hchv13:08:008:VMon,1520,1521,-1,MATCH
hchv13:08:009:IMon,446.5,446,0.5,MATCH
hchv13:08:009:V0Set,1240,1240,0,MATCH
hchv13:08:009:VMon,1241,1241,0,MATCH
hchv13:08:010:IMon,503.5,503,0.5,MATCH
hchv13:08:010:V0Set,1400,1400,0,MATCH
hchv13:08:010:VMon,1401.5,1400.5,1.0,MATCH
hchv13:08:011:IMon,466,466,0,MATCH
hchv13:08:011:V0Set,1300,1300,0,MATCH
hchv13:08:011:VMon,1300,1300.5,-0.5,MATCH
hchv13:08:012:IMon,577,576.5,0.5,MATCH
hchv13:08:012:V0Set,1605,1605,0,MATCH
hchv13:08:012:VMon,1606,1606,0,MATCH
hchv13:08:013:IMon,514.5,514.5,0.0,MATCH
hchv13:08:013:V0Set,1430,1430,0,MATCH
hchv13:08:013:VMon,1430.5,1430.5,0.0,MATCH
hchv13:08:014:IMon,471.5,471.5,0.0,MATCH
hchv13:08:014:V0Set,1325,1325,0,MATCH
hchv13:08:014:VMon,1325,1325.5,-0.5,MATCH
hchv13:08:015:IMon,504.5,504,0.5,MATCH
hchv13:08:015:V0Set,1400,1400,0,MATCH
hchv13:08:015:VMon,1401,1401,0,MATCH
hchv13:08:016:IMon,506,506,0,MATCH
hchv13:08:016:V0Set,1400,1400,0,MATCH
hchv13:08:016:VMon,1400.5,1400.5,0.0,MATCH
hchv13:08:017:IMon,493.5,493.5,0.0,MATCH
hchv13:08:017:V0Set,1350,1350,0,MATCH
hchv13:08:017:VMon,1349.5,1350,-0.5,MATCH
hchv13:08:018:IMon,514,514.5,-0.5,MATCH
hchv13:08:018:V0Set,1430,1430,0,MATCH
hchv13:08:018:VMon,1430.5,1430.5,0.0,MATCH
hchv13:08:019:IMon,530,530,0,MATCH
hchv13:08:019:V0Set,1470,1470,0,MATCH
hchv13:08:019:VMon,1470.5,1470.5,0.0,MATCH
hchv13:08:020:IMon,500,500,0,MATCH
hchv13:08:020:V0Set,1395,1395,0,MATCH
hchv13:08:020:VMon,1395.5,1396,-0.5,MATCH
hchv13:08:021:IMon,522.5,522,0.5,MATCH
hchv13:08:021:V0Set,1450,1450,0,MATCH
hchv13:08:021:VMon,1450.5,1451,-0.5,MATCH
hchv13:08:022:IMon,500,499.5,0.5,MATCH
hchv13:08:022:V0Set,1395,1395,0,MATCH
hchv13:08:022:VMon,1396,1396,0,MATCH
hchv13:08:023:IMon,423.5,423.5,0.0,MATCH
hchv13:08:023:V0Set,1175,1175,0,MATCH
hchv13:08:023:VMon,1175.5,1175.5,0.0,MATCH
hchv13:10:000:IMon,518.5,519,-0.5,MATCH
hchv13:10:000:V0Set,1435,1435,0,MATCH
hchv13:10:000:VMon,1436,1436.5,-0.5,MATCH
hchv13:10:001:IMon,561,561.5,-0.5,MATCH
hchv13:10:001:V0Set,1550,1550,0,MATCH
hchv13:10:001:VMon,1550.5,1551,-0.5,MATCH
hchv13:10:002:IMon,533.5,533.5,0.0,MATCH
hchv13:10:002:V0Set,1475,1475,0,MATCH
hchv13:10:002:VMon,1476.5,1476.5,0.0,MATCH
hchv13:10:003:IMon,549.5,549.5,0.0,MATCH
hchv13:10:003:V0Set,1520,1520,0,MATCH
hchv13:10:003:VMon,1521,1521.5,-0.5,MATCH
hchv13:10:004:IMon,523,523,0,MATCH
hchv13:10:004:V0Set,1450,1450,0,MATCH
hchv13:10:004:VMon,1451,1451.5,-0.5,MATCH
hchv13:10:005:IMon,504.5,504.5,0.0,MATCH
hchv13:10:005:V0Set,1400,1400,0,MATCH
hchv13:10:005:VMon,1401,1401.5,-0.5,MATCH
hchv13:10:006:IMon,504,504,0,MATCH
hchv13:10:006:V0Set,1400,1400,0,MATCH
hchv13:10:006:VMon,1401,1401.5,-0.5,MATCH
hchv13:10:007:IMon,537,537,0,MATCH
hchv13:10:007:V0Set,1490,1490,0,MATCH
hchv13:10:007:VMon,1490.5,1491,-0.5,MATCH
hchv13:10:008:IMon,545,545.5,-0.5,MATCH
hchv13:10:008:V0Set,1515,1515,0,MATCH
hchv13:10:008:VMon,1516,1516.5,-0.5,MATCH
hchv13:10:009:IMon,549.5,549.5,0.0,MATCH
hchv13:10:009:V0Set,1525,1525,0,MATCH
hchv13:10:009:VMon,1525.5,1526,-0.5,MATCH
hchv13:10:010:IMon,519,519.5,-0.5,MATCH
hchv13:10:010:V0Set,1440,1440,0,MATCH
hchv13:10:010:VMon,1441,1441,0,MATCH
hchv13:10:011:IMon,498.5,500,-1.5,MATCH
hchv13:10:011:V0Set,1395,1395,0,MATCH
hchv13:10:011:VMon,1396,1396,0,MATCH
hchv13:10:012:IMon,567,567,0,MATCH
hchv13:10:012:V0Set,1570,1570,0,MATCH
hchv13:10:012:VMon,1570.5,1570.5,0.0,MATCH
hchv13:10:013:IMon,489.5,490,-0.5,MATCH
hchv13:10:013:V0Set,1360,1360,0,MATCH
hchv13:10:013:VMon,1360.5,1360.5,0.0,MATCH
hchv13:10:014:IMon,551,551,0,MATCH
hchv13:10:014:V0Set,1530,1530,0,MATCH
hchv13:10:014:VMon,1530.5,1531,-0.5,MATCH
hchv13:10:015:IMon,585,585.5,-0.5,MATCH
hchv13:10:015:V0Set,1620,1620,0,MATCH
hchv13:10:015:VMon,1621,1621,0,MATCH
hchv13:10:016:IMon,594.5,594.5,0.0,MATCH
hchv13:10:016:V0Set,1645,1645,0,MATCH
hchv13:10:016:VMon,1646,1646,0,MATCH
hchv13:10:017:IMon,515,515,0,MATCH
hchv13:10:017:V0Set,1430,1430,0,MATCH
hchv13:10:017:VMon,1430.5,1430.5,0.0,MATCH
hchv13:10:018:IMon,504,504,0,MATCH
hchv13:10:018:V0Set,1400,1400,0,MATCH
hchv13:10:018:VMon,1400.5,1401,-0.5,MATCH
hchv13:10:019:IMon,504,503.5,0.5,MATCH
hchv13:10:019:V0Set,1400,1400,0,MATCH
hchv13:10:019:VMon,1400.5,1401,-0.5,MATCH
hchv13:10:023:IMon,531,531.5,-0.5,MATCH
hchv13:10:023:V0Set,1470,1470,0,MATCH
hchv13:10:023:VMon,1470.5,1471,-0.5,MATCH
hchv13:12:000:IMon,0,0,0,MATCH
hchv13:12:000:V0Set,1150,1150,0,MATCH
hchv13:12:000:VMon,0.5,0.5,0.0,MATCH
hchv13:12:001:IMon,0,0,0,MATCH
hchv13:12:001:V0Set,1150,1150,0,MATCH
hchv13:12:001:VMon,0,0,0,MATCH
hchv13:12:002:IMon,0,0,0,MATCH
hchv13:12:002:V0Set,970,970,0,MATCH
hchv13:12:002:VMon,0.5,0.5,0.0,MATCH
hchv13:12:003:IMon,0,0,0,MATCH
hchv13:12:003:V0Set,1040,1040,0,MATCH
hchv13:12:003:VMon,0,0,0,MATCH
hchv13:12:004:IMon,0,0,0,MATCH
hchv13:12:004:V0Set,970,970,0,MATCH
hchv13:12:004:VMon,0,0,0,MATCH
hchv13:12:005:IMon,0,0,0,MATCH
hchv13:12:005:V0Set,1050,1050,0,MATCH
hchv13:12:005:VMon,0.5,0,0.5,MATCH
hchv13:12:006:IMon,0,0,0,MATCH
hchv13:12:006:V0Set,830,830,0,MATCH
hchv13:12:006:VMon,0.5,0.5,0.0,MATCH
hchv13:12:007:IMon,0,0,0,MATCH
hchv13:12:007:V0Set,1050,1050,0,MATCH
hchv13:12:007:VMon,0,0,0,MATCH
hchv13:12:008:IMon,0,0,0,MATCH
hchv13:12:008:V0Set,1000,1000,0,MATCH
hchv13:12:008:VMon,0.5,0.5,0.0,MATCH
hchv13:12:009:IMon,0,0,0,MATCH
hchv13:12:009:V0Set,1030,1030,0,MATCH
hchv13:12:009:VMon,0,0,0,MATCH
hchv13:12:010:IMon,0,0,0,MATCH
hchv13:12:010:V0Set,910,910,0,MATCH
hchv13:12:010:VMon,0.5,0.5,0.0,MATCH
hchv13:12:011:IMon,0,0,0,MATCH
hchv13:12:011:V0Set,1010,1010,0,MATCH
hchv13:12:011:VMon,0.5,0,0.5,MATCH
hchv13:12:012:IMon,0,0,0,MATCH
hchv13:12:012:V0Set,890,890,0,MATCH
hchv13:12:012:VMon,0,0,0,MATCH
hchv13:12:013:IMon,0,0,0,MATCH
hchv13:12:013:V0Set,1040,1040,0,MATCH
hchv13:12:013:VMon,0,0,0,MATCH
hchv13:12:014:IMon,0,0,0,MATCH
hchv13:12:014:V0Set,990,990,0,MATCH
hchv13:12:014:VMon,0.5,0,0.5,MATCH
hchv13:12:015:IMon,0,0,0,MATCH
hchv13:12:015:V0Set,1040,1040,0,MATCH
hchv13:12:015:VMon,0.5,0,0.5,MATCH
hchv13:14:000:IMon,0,0,0,MATCH
hchv13:14:000:V0Set,880,880,0,MATCH
hchv13:14:000:VMon,0,0,0,MATCH
hchv13:14:001:IMon,0,0,0,MATCH
hchv13:14:001:V0Set,940,940,0,MATCH
hchv13:14:001:VMon,0,0,0,MATCH
hchv13:14:002:IMon,0,0,0,MATCH
hchv13:14:002:V0Set,990,990,0,MATCH
hchv13:14:002:VMon,0,0,0,MATCH
hchv13:14:003:IMon,0,0,0,MATCH
hchv13:14:003:V0Set,880,880,0,MATCH
hchv13:14:003:VMon,0,0,0,MATCH
hchv13:14:004:IMon,0,0,0,MATCH
hchv13:14:004:V0Set,1090,1090,0,MATCH
hchv13:14:004:VMon,0,0,0,MATCH
hchv13:14:005:IMon,0,0,0,MATCH
hchv13:14:005:V0Set,840,840,0,MATCH
hchv13:14:005:VMon,0,0,0,MATCH
hchv13:14:006:IMon,0,0,0,MATCH
hchv13:14:006:V0Set,950,950,0,MATCH
hchv13:14:006:VMon,0,0,0,MATCH
hchv13:14:007:IMon,0,0,0,MATCH
hchv13:14:007:V0Set,1090,1090,0,MATCH
hchv13:14:007:VMon,0,0,0,MATCH
hchv13:14:008:IMon,0,0,0,MATCH
hchv13:14:008:V0Set,880,880,0,MATCH
hchv13:14:008:VMon,0,0,0,MATCH
hchv13:14:009:IMon,0,0,0,MATCH
hchv13:14:009:V0Set,820,820,0,MATCH
hchv13:14:009:VMon,0,0,0,MATCH
hchv13:14:010:IMon,0,0,0,MATCH
hchv13:14:010:V0Set,870,870,0,MATCH
hchv13:14:010:VMon,0,0,0,MATCH
hchv13:14:011:IMon,0,0,0,MATCH
hchv13:14:011:V0Set,1000,1000,0,MATCH
hchv13:14:011:VMon,0,0,0,MATCH
hchv13:14:012:IMon,0,0,0,MATCH
hchv13:14:012:V0Set,930,930,0,MATCH
hchv13:14:012:VMon,0,0,0,MATCH
hchv13:14:013:IMon,0,0,0,MATCH
hchv13:14:013:V0Set,780,780,0,MATCH
hchv13:14:013:VMon,0,0,0,MATCH
hchv13:14:014:IMon,0,0,0,MATCH
hchv13:14:014:V0Set,940,940,0,MATCH
hchv13:14:014:VMon,0,0,0,MATCH
hchv13:14:015:IMon,0,0,0,MATCH
hchv13:14:015:V0Set,1050,1050,0,MATCH
hchv13:14:015:VMon,0,0,0,MATCH
hchv13:14:022:IMon,0,0,0,MATCH
hchv13:14:022:V0Set,1700,1340,360,MISMATCH
hchv13:14:022:VMon,0,0,0,MATCH
hchv13:14:023:IMon,0,0,0,MATCH
hchv13:14:023:V0Set,1650,1315,335,MISMATCH
hchv13:14:023:VMon,0,0,0,MATCH
hchv14:00:000:IMon,213.5,213.5,0.0,MATCH
hchv14:00:000:V0Set,1050,1050,0,MATCH
hchv14:00:000:VMon,1050,1050,0,MATCH
hchv14:00:001:IMon,309.5,309.5,0.0,MATCH
hchv14:00:001:V0Set,1529,1529,0,MATCH
hchv14:00:001:VMon,1528.5,1529,-0.5,MATCH
hchv14:00:002:IMon,231.5,231.5,0.0,MATCH
hchv14:00:002:V0Set,1140,1140,0,MATCH
hchv14:00:002:VMon,1139.5,1140,-0.5,MATCH
hchv14:00:003:IMon,259.5,259,0.5,MATCH
hchv14:00:003:V0Set,1281,1281,0,MATCH
hchv14:00:003:VMon,1281,1281,0,MATCH
hchv14:00:004:IMon,782,780.5,1.5,MATCH
hchv14:00:004:V0Set,1820,1820,0,MATCH
hchv14:00:004:VMon,1819.5,1820,-0.5,MATCH
hchv14:00:005:IMon,287,287,0,MATCH
hchv14:00:005:V0Set,1437,1437,0,MATCH
hchv14:00:005:VMon,1437,1437,0,MATCH
hchv14:00:006:IMon,211,211,0,MATCH
hchv14:00:006:V0Set,1038,1038,0,MATCH
hchv14:00:006:VMon,1038,1038,0,MATCH
hchv14:00:007:IMon,234,234.5,-0.5,MATCH
hchv14:00:007:V0Set,1160,1160,0,MATCH
hchv14:00:007:VMon,1160,1160,0,MATCH
hchv14:00:008:IMon,237.5,237.5,0.0,MATCH
hchv14:00:008:V0Set,1181,1181,0,MATCH
hchv14:00:008:VMon,1181,1181,0,MATCH
hchv14:00:009:IMon,261.5,261.5,0.0,MATCH
hchv14:00:009:V0Set,1295,1295,0,MATCH
hchv14:00:009:VMon,1294.5,1294.5,0.0,MATCH
hchv14:00:010:IMon,264.5,264.5,0.0,MATCH
hchv14:00:010:V0Set,1142,1142,0,MATCH
hchv14:00:010:VMon,1141.5,1142,-0.5,MATCH
hchv14:00:011:IMon,263.5,263.5,0.0,MATCH
hchv14:00:011:V0Set,1310,1310,0,MATCH
hchv14:00:011:VMon,1309.5,1310,-0.5,MATCH
hchv14:00:012:IMon,774.5,772,2.5,MATCH
hchv14:00:012:V0Set,1813,1813,0,MATCH
hchv14:00:012:VMon,1812.5,1812.5,0.0,MATCH
hchv14:00:013:IMon,206,206,0,MATCH
hchv14:00:013:V0Set,1021,1021,0,MATCH
hchv14:00:013:VMon,1021,1021,0,MATCH
hchv14:00:014:IMon,299.5,299.5,0.0,MATCH
hchv14:00:014:V0Set,1478,1478,0,MATCH
hchv14:00:014:VMon,1477.5,1478,-0.5,MATCH
hchv14:00:015:IMon,257,257,0,MATCH
hchv14:00:015:V0Set,1274,1274,0,MATCH
hchv14:00:015:VMon,1274,1274,0,MATCH
hchv14:00:016:IMon,197.5,197,0.5,MATCH
hchv14:00:016:V0Set,975,975,0,MATCH
hchv14:00:016:VMon,975,975,0,MATCH
hchv14:00:017:IMon,726,724,2,MATCH
hchv14:00:017:V0Set,1739,1739,0,MATCH
hchv14:00:017:VMon,1738.5,1738.5,0.0,MATCH
hchv14:00:018:IMon,804,802,2,MATCH
hchv14:00:018:V0Set,1845,1845,0,MATCH
hchv14:00:018:VMon,1844.5,1844.5,0.0,MATCH
hchv14:00:019:IMon,221,221,0,MATCH
hchv14:00:019:V0Set,1096,1096,0,MATCH
hchv14:00:019:VMon,1095.5,1095.5,0.0,MATCH
hchv14:00:020:IMon,339,339,0,MATCH
hchv14:00:020:V0Set,1679,1679,0,MATCH
hchv14:00:020:VMon,1678.5,1678.5,0.0,MATCH
hchv14:00:021:IMon,229.5,229.5,0.0,MATCH
hchv14:00:021:V0Set,1137,1137,0,MATCH
hchv14:00:021:VMon,1136.5,1137,-0.5,MATCH
hchv14:00:022:IMon,225.5,225.5,0.0,MATCH
hchv14:00:022:V0Set,1115,1115,0,MATCH
hchv14:00:022:VMon,1114.5,1114.5,0.0,MATCH
hchv14:00:023:IMon,278,278,0,MATCH
hchv14:00:023:V0Set,1380,1380,0,MATCH
hchv14:00:023:VMon,1379,1379.5,-0.5,MATCH
hchv14:02:000:IMon,217.5,217.5,0.0,MATCH
hchv14:02:000:V0Set,1075,1075,0,MATCH
hchv14:02:000:VMon,1075.5,1075.5,0.0,MATCH
hchv14:02:001:IMon,790.5,788.5,2.0,MATCH
hchv14:02:001:V0Set,1830,1830,0,MATCH
hchv14:02:001:VMon,1830,1830,0,MATCH
hchv14:02:002:IMon,746,744,2,MATCH
hchv14:02:002:V0Set,1770,1770,0,MATCH
hchv14:02:002:VMon,1770.5,1770.5,0.0,MATCH
hchv14:02:003:IMon,728,726,2,MATCH
hchv14:02:003:V0Set,1760,1760,0,MATCH
hchv14:02:003:VMon,1760.5,1760.5,0.0,MATCH
hchv14:02:004:IMon,826,824,2,MATCH
hchv14:02:004:V0Set,1890,1890,0,MATCH
hchv14:02:004:VMon,1890,1890,0,MATCH
hchv14:02:005:IMon,760.5,758.5,2.0,MATCH
hchv14:02:005:V0Set,1800,1800,0,MATCH
hchv14:02:005:VMon,1800.5,1800,0.5,MATCH
hchv14:02:006:IMon,788,786,2,MATCH
hchv14:02:006:V0Set,1830,1830,0,MATCH
hchv14:02:006:VMon,1830.5,1830.5,0.0,MATCH
hchv14:02:007:IMon,661,659,2,MATCH
hchv14:02:007:V0Set,1685,1685,0,MATCH
hchv14:02:007:VMon,1684.5,1685,-0.5,MATCH
hchv14:02:008:IMon,771.5,769,2.5,MATCH
hchv14:02:008:V0Set,1810,1810,0,MATCH
hchv14:02:008:VMon,1810.5,1810,0.5,MATCH
hchv14:02:009:IMon,772,770,2,MATCH
hchv14:02:009:V0Set,1810,1810,0,MATCH
hchv14:02:009:VMon,1810,1810,0,MATCH
hchv14:02:010:IMon,754,752.5,1.5,MATCH
hchv14:02:010:V0Set,1797,1797,0,MATCH
hchv14:02:010:VMon,1797,1797,0,MATCH
hchv14:02:011:IMon,313.5,313.5,0.0,MATCH
hchv14:02:011:V0Set,1563,1563,0,MATCH
hchv14:02:011:VMon,1563,1562.5,0.5,MATCH
hchv14:02:012:IMon,813,811,2,MATCH
hchv14:02:012:V0Set,1875,1875,0,MATCH
hchv14:02:012:VMon,1875,1875,0,MATCH
hchv14:02:013:IMon,284.5,284.5,0.0,MATCH
hchv14:02:013:V0Set,1415,1415,0,MATCH
hchv14:02:013:VMon,1415,1415,0,MATCH
hchv14:02:015:IMon,805.5,802.5,3.0,MATCH
hchv14:02:015:V0Set,1840,1840,0,MATCH
hchv14:02:015:VMon,1840,1840,0,MATCH
hchv14:02:016:IMon,737,735.5,1.5,MATCH
hchv14:02:016:V0Set,1760,1760,0,MATCH
hchv14:02:016:VMon,1760,1760,0,MATCH
hchv14:02:017:IMon,759,757.5,1.5,MATCH
hchv14:02:017:V0Set,1778,1778,0,MATCH
hchv14:02:017:VMon,1778,1778,0,MATCH
hchv14:02:018:IMon,701,699,2,MATCH
hchv14:02:018:V0Set,1725,1725,0,MATCH
hchv14:02:018:VMon,1725.5,1725.5,0.0,MATCH
hchv14:02:019:IMon,809.5,808,1.5,MATCH
hchv14:02:019:V0Set,1850,1850,0,MATCH
hchv14:02:019:VMon,1850,1850.5,-0.5,MATCH
hchv14:02:020:IMon,805,803.5,1.5,MATCH
hchv14:02:020:V0Set,1859,1859,0,MATCH
hchv14:02:020:VMon,1859,1859,0,MATCH
hchv14:02:021:IMon,744.5,743,1.5,MATCH
hchv14:02:021:V0Set,1790,1790,0,MATCH
hchv14:02:021:VMon,1790.5,1790.5,0.0,MATCH
hchv14:02:022:IMon,765,763.5,1.5,MATCH
hchv14:02:022:V0Set,1799,1799,0,MATCH
hchv14:02:022:VMon,1799.5,1799.5,0.0,MATCH
hchv14:02:023:IMon,704,702.5,1.5,MATCH
hchv14:02:023:V0Set,1729,1729,0,MATCH
hchv14:02:023:VMon,1729,1729,0,MATCH
hchv14:04:000:IMon,343.5,344,-0.5,MATCH
hchv14:04:000:V0Set,1705,1705,0,MATCH
hchv14:04:000:VMon,1704.5,1705,-0.5,MATCH
hchv14:04:001:IMon,770.5,768.5,2.0,MATCH
hchv14:04:001:V0Set,1790,1790,0,MATCH
hchv14:04:001:VMon,1790,1790,0,MATCH
hchv14:04:002:IMon,274,274,0,MATCH
hchv14:04:002:V0Set,1346,1346,0,MATCH
hchv14:04:002:VMon,1346,1346,0,MATCH
hchv14:04:003:IMon,788.5,787,1.5,MATCH
hchv14:04:003:V0Set,1835,1835,0,MATCH
hchv14:04:003:VMon,1834.5,1834.5,0.0,MATCH
hchv14:04:005:IMon,761.5,759.5,2.0,MATCH
hchv14:04:005:V0Set,1795,1795,0,MATCH
hchv14:04:005:VMon,1795,1795,0,MATCH
hchv14:04:006:IMon,193.5,194,-0.5,MATCH
hchv14:04:006:V0Set,960,960,0,MATCH
hchv14:04:006:VMon,960,960.5,-0.5,MATCH
hchv14:04:007:IMon,793,790.5,2.5,MATCH
hchv14:04:007:V0Set,1842,1842,0,MATCH
hchv14:04:007:VMon,1842,1842.5,-0.5,MATCH
hchv14:04:008:IMon,241,241,0,MATCH
hchv14:04:008:V0Set,1200,1200,0,MATCH
hchv14:04:008:VMon,1200,1200.5,-0.5,MATCH
hchv14:04:009:IMon,877,875,2,MATCH
hchv14:04:009:V0Set,1936,1936,0,MATCH
hchv14:04:009:VMon,1935,1935.5,-0.5,MATCH
hchv14:04:010:IMon,848.5,846.5,2.0,MATCH
hchv14:04:010:V0Set,1897,1897,0,MATCH
hchv14:04:010:VMon,1896.5,1897,-0.5,MATCH
hchv14:04:011:IMon,752.5,750,2.5,MATCH
hchv14:04:011:V0Set,1772,1772,0,MATCH
hchv14:04:011:VMon,1771.5,1771.5,0.0,MATCH
hchv14:04:012:IMon,958,956,2,MATCH
hchv14:04:012:V0Set,2037,2037,0,MATCH
hchv14:04:012:VMon,2036.5,2036.5,0.0,MATCH
hchv14:04:013:IMon,811,809.5,1.5,MATCH
hchv14:04:013:V0Set,1870,1870,0,MATCH
hchv14:04:013:VMon,1869,1869,0,MATCH
hchv14:04:014:IMon,757,755,2,MATCH
hchv14:04:014:V0Set,1790,1790,0,MATCH
hchv14:04:014:VMon,1789.5,1789,0.5,MATCH
hchv14:04:015:IMon,780.5,778.5,2.0,MATCH
hchv14:04:015:V0Set,1825,1825,0,MATCH
hchv14:04:015:VMon,1824.5,1825,-0.5,MATCH
hchv14:04:016:IMon,759,757,2,MATCH
hchv14:04:016:V0Set,1785,1785,0,MATCH
hchv14:04:016:VMon,1785,1785,0,MATCH
hchv14:04:017:IMon,795,793.5,1.5,MATCH
hchv14:04:017:V0Set,1835,1835,0,MATCH
hchv14:04:017:VMon,1835,1835,0,MATCH
hchv14:04:018:IMon,731,728.5,2.5,MATCH
hchv14:04:018:V0Set,1769,1769,0,MATCH
hchv14:04:018:VMon,1768.5,1768.5,0.0,MATCH
hchv14:04:019:IMon,839.5,837.5,2.0,MATCH
hchv14:04:019:V0Set,1885,1885,0,MATCH
hchv14:04:019:VMon,1884.5,1884.5,0.0,MATCH
hchv14:04:020:IMon,316.5,316,0.5,MATCH
hchv14:04:020:V0Set,1565,1565,0,MATCH
hchv14:04:020:VMon,1565,1564.5,0.5,MATCH
hchv14:04:021:IMon,765.5,763,2.5,MATCH
hchv14:04:021:V0Set,1810,1810,0,MATCH
hchv14:04:021:VMon,1810,1810,0,MATCH
hchv14:04:022:IMon,362.5,362,0.5,MATCH
hchv14:04:022:V0Set,1790,1790,0,MATCH
hchv14:04:022:VMon,1790,1789.5,0.5,MATCH
hchv14:04:023:IMon,801.5,799.5,2.0,MATCH
hchv14:04:023:V0Set,1842,1842,0,MATCH
hchv14:04:023:VMon,1841.5,1841.5,0.0,MATCH
hchv14:06:000:IMon,793,791,2,MATCH
hchv14:06:000:V0Set,1825,1825,0,MATCH
hchv14:06:000:VMon,1824.5,1824.5,0.0,MATCH
hchv14:06:001:IMon,856,853.5,2.5,MATCH
hchv14:06:001:V0Set,1900,1900,0,MATCH
hchv14:06:001:VMon,1899.5,1899.5,0.0,MATCH
hchv14:06:002:IMon,751,748.5,2.5,MATCH
hchv14:06:002:V0Set,1790,1790,0,MATCH
hchv14:06:002:VMon,1790,1789.5,0.5,MATCH
hchv14:06:003:IMon,771.5,769,2.5,MATCH
hchv14:06:003:V0Set,1800,1800,0,MATCH
hchv14:06:003:VMon,1800,1800,0,MATCH
hchv14:06:004:IMon,828,825.5,2.5,MATCH
hchv14:06:004:V0Set,1870,1870,0,MATCH
hchv14:06:004:VMon,1870,1870,0,MATCH
hchv14:06:005:IMon,711.5,709,2.5,MATCH
hchv14:06:005:V0Set,1730,1730,0,MATCH
hchv14:06:005:VMon,1729.5,1729.5,0.0,MATCH
hchv14:06:006:IMon,804.5,802.5,2.0,MATCH
hchv14:06:006:V0Set,1860,1860,0,MATCH
hchv14:06:006:VMon,1859.5,1859.5,0.0,MATCH
hchv14:06:007:IMon,725.5,723,2.5,MATCH
hchv14:06:007:V0Set,1758,1758,0,MATCH
hchv14:06:007:VMon,1757.5,1758,-0.5,MATCH
hchv14:06:009:IMon,246.5,246.5,0.0,MATCH
hchv14:06:009:V0Set,1227,1227,0,MATCH
hchv14:06:009:VMon,1227,1226.5,0.5,MATCH
hchv14:06:015:IMon,688,686,2,MATCH
hchv14:06:015:V0Set,1715,1715,0,MATCH
hchv14:06:015:VMon,1714.5,1714.5,0.0,MATCH
hchv14:06:016:IMon,764.5,764.5,0.0,MATCH
hchv14:06:016:V0Set,2251,2251,0,MATCH
hchv14:06:016:VMon,2249.5,2250,-0.5,MATCH
hchv14:06:017:IMon,708.5,708.5,0.0,MATCH
hchv14:06:017:V0Set,2051,2051,0,MATCH
hchv14:06:017:VMon,2050,2050,0,MATCH
hchv14:06:018:IMon,676.5,676.5,0.0,MATCH
hchv14:06:018:V0Set,2001,2001,0,MATCH
hchv14:06:018:VMon,2000,2000,0,MATCH
hchv14:06:019:IMon,705.5,705.5,0.0,MATCH
hchv14:06:019:V0Set,2086,2086,0,MATCH
hchv14:06:019:VMon,2084.5,2085,-0.5,MATCH
hchv14:08:003:IMon,369,369,0,MATCH
hchv14:08:003:V0Set,1820,1820,0,MATCH
hchv14:08:003:VMon,1820.5,1820.5,0.0,MATCH
hchv14:08:004:IMon,376,376,0,MATCH
hchv14:08:004:V0Set,1860,1860,0,MATCH
hchv14:08:004:VMon,1860,1860.5,-0.5,MATCH
hchv14:08:005:IMon,366.5,366.5,0.0,MATCH
hchv14:08:005:V0Set,1805,1805,0,MATCH
hchv14:08:005:VMon,1805,1805.5,-0.5,MATCH
hchv14:08:006:IMon,359,359,0,MATCH
hchv14:08:006:V0Set,1770,1770,0,MATCH
hchv14:08:006:VMon,1770,1770.5,-0.5,MATCH
hchv14:08:007:IMon,385.5,385.5,0.0,MATCH
hchv14:08:007:V0Set,1900,1900,0,MATCH
hchv14:08:007:VMon,1900,1900.5,-0.5,MATCH
hchv14:08:008:IMon,386,386,0,MATCH
hchv14:08:008:V0Set,1900,1900,0,MATCH
hchv14:08:008:VMon,1900,1900.5,-0.5,MATCH
hchv14:08:009:IMon,407,407,0,MATCH
hchv14:08:009:V0Set,2000,2000,0,MATCH
hchv14:08:009:VMon,2000,2000.5,-0.5,MATCH
hchv14:08:010:IMon,373,373,0,MATCH
hchv14:08:010:V0Set,1835,1835,0,MATCH
hchv14:08:010:VMon,1835.5,1835.5,0.0,MATCH
hchv14:08:011:IMon,381.5,381.5,0.0,MATCH
hchv14:08:011:V0Set,1880,1880,0,MATCH
hchv14:08:011:VMon,1880,1880.5,-0.5,MATCH
hchv14:08:013:IMon,385,385,0,MATCH
hchv14:08:013:V0Set,1900,1900,0,MATCH
hchv14:08:013:VMon,1900,1900,0,MATCH
hchv14:08:014:IMon,361.5,362,-0.5,MATCH
hchv14:08:014:V0Set,1780,1780,0,MATCH
hchv14:08:014:VMon,1780,1780,0,MATCH
hchv14:08:015:IMon,391.5,391.5,0.0,MATCH
hchv14:08:015:V0Set,1930,1930,0,MATCH
hchv14:08:015:VMon,1930.5,1930.5,0.0,MATCH
hchv14:08:016:IMon,386.5,386.5,0.0,MATCH
hchv14:08:016:V0Set,1905,1905,0,MATCH
hchv14:08:016:VMon,1905,1905.5,-0.5,MATCH
hchv14:08:017:IMon,372.5,373,-0.5,MATCH
hchv14:08:017:V0Set,1840,1840,0,MATCH
hchv14:08:017:VMon,1840,1840.5,-0.5,MATCH
hchv14:08:018:IMon,415,415,0,MATCH
hchv14:08:018:V0Set,2040,2040,0,MATCH
hchv14:08:018:VMon,2040.5,2040.5,0.0,MATCH
hchv14:10:000:IMon,415,411,4,MATCH
hchv14:10:000:V0Set,2050,2030,20,MISMATCH
hchv14:10:000:VMon,2050,2030.5,19.5,MISMATCH
hchv14:10:001:IMon,0,363,-363,MISMATCH
hchv14:10:001:V0Set,1790,1790,0,MATCH
hchv14:10:001:VMon,0.5,1790.5,-1790.0,MISMATCH
hchv14:10:002:IMon,366.5,366.5,0.0,MATCH
hchv14:10:002:V0Set,1800,1800,0,MATCH
hchv14:10:002:VMon,1801,1801,0,MATCH
hchv14:10:003:IMon,396.5,396.5,0.0,MATCH
hchv14:10:003:V0Set,1955,1955,0,MATCH
hchv14:10:003:VMon,1955.5,1955.5,0.0,MATCH
hchv14:10:004:IMon,400.5,400.5,0.0,MATCH
hchv14:10:004:V0Set,1980,1980,0,MATCH
hchv14:10:004:VMon,1980,1980.5,-0.5,MATCH
hchv14:10:005:IMon,365,365,0,MATCH
hchv14:10:005:V0Set,1800,1800,0,MATCH
hchv14:10:005:VMon,1800,1800,0,MATCH
hchv14:10:006:IMon,390.5,390.5,0.0,MATCH
hchv14:10:006:V0Set,1920,1920,0,MATCH
hchv14:10:006:VMon,1920.5,1920.5,0.0,MATCH
hchv14:10:007:IMon,391.5,391.5,0.0,MATCH
hchv14:10:007:V0Set,1930,1930,0,MATCH
hchv14:10:007:VMon,1930,1930.5,-0.5,MATCH
hchv14:10:008:IMon,385.5,385.5,0.0,MATCH
hchv14:10:008:V0Set,1890,1890,0,MATCH
hchv14:10:008:VMon,1890,1890.5,-0.5,MATCH
hchv14:10:009:IMon,379.5,379.5,0.0,MATCH
hchv14:10:009:V0Set,1860,1860,0,MATCH
hchv14:10:009:VMon,1860.5,1860.5,0.0,MATCH
hchv14:10:010:IMon,378.5,378.5,0.0,MATCH
hchv14:10:010:V0Set,1865,1865,0,MATCH
hchv14:10:010:VMon,1865,1865.5,-0.5,MATCH
hchv14:10:011:IMon,404,404,0,MATCH
hchv14:10:011:V0Set,1995,1995,0,MATCH
hchv14:10:011:VMon,1994.5,1995,-0.5,MATCH
hchv14:10:012:IMon,381,381,0,MATCH
hchv14:10:012:V0Set,1885,1885,0,MATCH
hchv14:10:012:VMon,1885,1885.5,-0.5,MATCH
hchv14:10:013:IMon,403,403,0,MATCH
hchv14:10:013:V0Set,1985,1985,0,MATCH
hchv14:10:013:VMon,1985,1985,0,MATCH
hchv14:10:014:IMon,411.5,411.5,0.0,MATCH
hchv14:10:014:V0Set,2030,2030,0,MATCH
hchv14:10:014:VMon,2030.5,2030.5,0.0,MATCH
hchv14:10:018:IMon,382.5,382.5,0.0,MATCH
hchv14:10:018:V0Set,1880,1880,0,MATCH
hchv14:10:018:VMon,1880,1880.5,-0.5,MATCH
hchv14:10:019:IMon,385,385,0,MATCH
hchv14:10:019:V0Set,1900,1900,0,MATCH
hchv14:10:019:VMon,1900,1900.5,-0.5,MATCH
hchv14:10:020:IMon,0,272.5,-272.5,MISMATCH
hchv14:10:020:V0Set,1700,1700,0,MATCH
hchv14:10:020:VMon,0,1700.5,-1700.5,MISMATCH
hchv14:10:021:IMon,0,269.5,-269.5,MISMATCH
hchv14:10:021:V0Set,1680,1680,0,MATCH
hchv14:10:021:VMon,0.5,1680.5,-1680.0,MISMATCH
hchv14:10:022:IMon,0.5,258,-257.5,MISMATCH
hchv14:10:022:V0Set,1610,1610,0,MATCH
hchv14:10:022:VMon,0.5,1610.5,-1610.0,MISMATCH
hchv14:10:023:IMon,0,248,-248,MISMATCH
hchv14:10:023:V0Set,1550,1550,0,MATCH
hchv14:10:023:VMon,0.5,1550,-1549.5,MISMATCH
hchv14:12:000:IMon,619.5,619.5,0.0,MATCH
hchv14:12:000:V0Set,1780,1780,0,MATCH
hchv14:12:000:VMon,1780,1780,0,MATCH
hchv14:12:001:IMon,602,602,0,MATCH
hchv14:12:001:V0Set,1730,1730,0,MATCH
hchv14:12:001:VMon,1729.5,1729,0.5,MATCH
hchv14:12:002:IMon,580.5,580,0.5,MATCH
hchv14:12:002:V0Set,1670,1670,0,MATCH
hchv14:12:002:VMon,1670,1670,0,MATCH
hchv14:12:003:IMon,582.5,582.5,0.0,MATCH
hchv14:12:003:V0Set,1630,1630,0,MATCH
hchv14:12:003:VMon,1629.5,1629.5,0.0,MATCH
hchv14:12:004:IMon,635.5,635.5,0.0,MATCH
hchv14:12:004:V0Set,1780,1780,0,MATCH
hchv14:12:004:VMon,1779.5,1779.5,0.0,MATCH
hchv14:12:005:IMon,579.5,579.5,0.0,MATCH
hchv14:12:005:V0Set,1620,1620,0,MATCH
hchv14:12:005:VMon,1619.5,1619.5,0.0,MATCH
hchv14:12:006:IMon,613.5,613.5,0.0,MATCH
hchv14:12:006:V0Set,1720,1720,0,MATCH
hchv14:12:006:VMon,1719.5,1720,-0.5,MATCH
hchv14:12:007:IMon,552.5,552.5,0.0,MATCH
hchv14:12:007:V0Set,1550,1550,0,MATCH
hchv14:12:007:VMon,1549,1549.5,-0.5,MATCH
hchv14:12:008:IMon,582,582,0,MATCH
hchv14:12:008:V0Set,1620,1620,0,MATCH
hchv14:12:008:VMon,1619.5,1619.5,0.0,MATCH
hchv14:12:009:IMon,567,567,0,MATCH
hchv14:12:009:V0Set,1590,1590,0,MATCH
hchv14:12:009:VMon,1589.5,1589.5,0.0,MATCH
hchv14:12:010:IMon,578,578,0,MATCH
hchv14:12:010:V0Set,1620,1620,0,MATCH
hchv14:12:010:VMon,1619,1619.5,-0.5,MATCH
hchv14:12:011:IMon,516,516,0,MATCH
hchv14:12:011:V0Set,1450,1450,0,MATCH
hchv14:12:011:VMon,1449.5,1449.5,0.0,MATCH
hchv14:12:012:IMon,565,565,0,MATCH
hchv14:12:012:V0Set,1630,1630,0,MATCH
hchv14:12:012:VMon,1629,1629,0,MATCH
hchv14:12:013:IMon,559,559.5,-0.5,MATCH
hchv14:12:013:V0Set,1570,1570,0,MATCH
hchv14:12:013:VMon,1569.5,1569.5,0.0,MATCH
hchv15:00:000:IMon,1927.9,1927.9,0.0,MATCH
hchv15:00:000:V0Set,1227,1227,0,MATCH
hchv15:00:000:VMon,1227.09,1227.14,-0.05,MATCH
hchv15:00:001:IMon,2017.65,2017.66,-0.01,MATCH
hchv15:00:001:V0Set,1282,1282,0,MATCH
hchv15:00:001:VMon,1282.18,1282.21,-0.03,MATCH
hchv15:00:002:IMon,1969.07,1969.18,-0.11,MATCH
hchv15:00:002:V0Set,1249,1249,0,MATCH
hchv15:00:002:VMon,1249.24,1249.28,-0.04,MATCH
hchv15:00:003:IMon,2166.48,2166.47,0.01,MATCH
hchv15:00:003:V0Set,1375,1375,0,MATCH
hchv15:00:003:VMon,1374.91,1374.94,-0.03,MATCH
hchv15:00:004:IMon,1978.98,1978.93,0.05,MATCH
hchv15:00:004:V0Set,1255,1255,0,MATCH
hchv15:00:004:VMon,1255.32,1255.35,-0.03,MATCH
hchv15:00:005:IMon,2027.1,2027.06,0.04,MATCH
hchv15:00:005:V0Set,1285,1285,0,MATCH
hchv15:00:005:VMon,1285.34,1285.36,-0.02,MATCH
hchv15:00:006:IMon,2133.93,2133.84,0.09,MATCH
hchv15:00:006:V0Set,1352,1352,0,MATCH
hchv15:00:006:VMon,1352.39,1352.41,-0.02,MATCH
hchv15:00:007:IMon,2132.4,2132.52,-0.12,MATCH
hchv15:00:007:V0Set,1351,1351,0,MATCH
hchv15:00:007:VMon,1351.27,1351.28,-0.01,MATCH
hchv15:00:008:IMon,2474.1,2474.1,0.0,MATCH
hchv15:00:008:V0Set,1574,1574,0,MATCH
hchv15:00:008:VMon,1574.05,1574.05,0.00,MATCH
hchv15:00:009:IMon,1959.53,1959.62,-0.09,MATCH
hchv15:00:009:V0Set,1242,1242,0,MATCH
hchv15:00:009:VMon,1242.09,1242.12,-0.03,MATCH
hchv15:00:010:IMon,2215.7,2215.58,0.12,MATCH
hchv15:00:010:V0Set,1405,1405,0,MATCH
hchv15:00:010:VMon,1405.04,1405.07,-0.03,MATCH
hchv15:00:011:IMon,2232.98,2232.93,0.05,MATCH
hchv15:00:011:V0Set,1415,1415,0,MATCH
hchv15:00:011:VMon,1414.92,1414.94,-0.02,MATCH
hchv15:00:012:IMon,2582.37,2581.97,0.40,MATCH
hchv15:00:012:V0Set,1640,1640,0,MATCH
hchv15:00:012:VMon,1639.72,1639.71,0.01,MATCH
hchv15:00:013:IMon,2238.14,2237.88,0.26,MATCH
hchv15:00:013:V0Set,1420,1420,0,MATCH
hchv15:00:013:VMon,1419.93,1419.92,0.01,MATCH
hchv15:00:016:IMon,1854.92,1855,-0.08,MATCH
hchv15:00:016:V0Set,1175,1175,0,MATCH
hchv15:00:016:VMon,1175.22,1175.24,-0.02,MATCH
hchv15:00:017:IMon,1851.23,1851.35,-0.12,MATCH
hchv15:00:017:V0Set,1172,1172,0,MATCH
hchv15:00:017:VMon,1172.16,1172.19,-0.03,MATCH
hchv15:00:018:IMon,2007.52,2007.57,-0.05,MATCH
hchv15:00:018:V0Set,1272,1272,0,MATCH
hchv15:00:018:VMon,1272.05,1272.09,-0.04,MATCH
hchv15:00:019:IMon,2113.99,2113.98,0.01,MATCH
hchv15:00:019:V0Set,1340,1340,0,MATCH
hchv15:00:019:VMon,1340.14,1340.17,-0.03,MATCH
hchv15:00:020:IMon,2053.47,2053.37,0.10,MATCH
hchv15:00:020:V0Set,1300,1300,0,MATCH
hchv15:00:020:VMon,1299.93,1299.94,-0.01,MATCH
hchv15:00:021:IMon,2334.35,2334.28,0.07,MATCH
hchv15:00:021:V0Set,1479,1479,0,MATCH
hchv15:00:021:VMon,1479.06,1479.05,0.01,MATCH
hchv15:00:022:IMon,2282.17,2282.04,0.13,MATCH
hchv15:00:022:V0Set,1445,1445,0,MATCH
hchv15:00:022:VMon,1444.98,1445,-0.02,MATCH
hchv15:00:023:IMon,2188.91,2188.83,0.08,MATCH
hchv15:00:023:V0Set,1387,1387,0,MATCH
hchv15:00:023:VMon,1387.06,1387.06,0.00,MATCH
hchv15:02:000:IMon,2127.31,2127.41,-0.10,MATCH
hchv15:02:000:V0Set,1351,1351,0,MATCH
hchv15:02:000:VMon,1351.09,1351.13,-0.04,MATCH
hchv15:02:001:IMon,2145.38,2145.48,-0.10,MATCH
hchv15:02:001:V0Set,1360,1360,0,MATCH
hchv15:02:001:VMon,1360.04,1360.06,-0.02,MATCH
hchv15:02:002:IMon,2331.64,2331.62,0.02,MATCH
hchv15:02:002:V0Set,1481,1481,0,MATCH
hchv15:02:002:VMon,1480.97,1481.03,-0.06,MATCH
hchv15:02:003:IMon,2039.13,2039.27,-0.14,MATCH
hchv15:02:003:V0Set,1292,1292,0,MATCH
hchv15:02:003:VMon,1292.08,1292.12,-0.04,MATCH
hchv15:02:004:IMon,2154.21,2154.25,-0.04,MATCH
hchv15:02:004:V0Set,1365,1365,0,MATCH
hchv15:02:004:VMon,1365.01,1365.1,-0.09,MATCH
hchv15:02:005:IMon,2420.13,2414.07,6.06,MISMATCH
hchv15:02:005:V0Set,1690,1690,0,MATCH
hchv15:02:005:VMon,1690.07,1690.17,-0.10,MATCH
hchv15:02:008:IMon,505.34,505.35,-0.01,MATCH
hchv15:02:008:V0Set,1400,1400,0,MATCH
hchv15:02:008:VMon,1399.87,1399.91,-0.04,MATCH
hchv15:02:009:IMon,505.74,505.79,-0.05,MATCH
hchv15:02:009:V0Set,1400,1400,0,MATCH
hchv15:02:009:VMon,1399.84,1399.92,-0.08,MATCH
hchv15:02:010:IMon,505.2,505.21,-0.01,MATCH
hchv15:02:010:V0Set,1400,1400,0,MATCH
hchv15:02:010:VMon,1399.88,1399.93,-0.05,MATCH
hchv15:02:011:IMon,506.47,506.57,-0.10,MATCH
hchv15:02:011:V0Set,1400,1400,0,MATCH
hchv15:02:011:VMon,1399.85,1399.9,-0.05,MATCH
hchv15:02:012:IMon,505.16,505.25,-0.09,MATCH
hchv15:02:012:V0Set,1400,1400,0,MATCH
hchv15:02:012:VMon,1400.07,1400.1,-0.03,MATCH
hchv15:02:013:IMon,505.06,505.11,-0.05,MATCH
hchv15:02:013:V0Set,1400,1400,0,MATCH
hchv15:02:013:VMon,1399.98,1399.97,0.01,MATCH
hchv15:02:014:IMon,505.81,505.85,-0.04,MATCH
hchv15:02:014:V0Set,1400,1400,0,MATCH
hchv15:02:014:VMon,1400.06,1400.05,0.01,MATCH
hchv15:02:015:IMon,505.18,505.27,-0.09,MATCH
hchv15:02:015:V0Set,1400,1400,0,MATCH
hchv15:02:015:VMon,1400.08,1400.09,-0.01,MATCH
hchv15:02:016:IMon,505.07,505.1,-0.03,MATCH
hchv15:02:016:V0Set,1400,1400,0,MATCH
hchv15:02:016:VMon,1400.02,1400.02,0.00,MATCH
hchv15:02:017:IMon,505.37,505.38,-0.01,MATCH
hchv15:02:017:V0Set,1400,1400,0,MATCH
hchv15:02:017:VMon,1399.9,1399.94,-0.04,MATCH
hchv15:02:018:IMon,505.7,505.75,-0.05,MATCH
hchv15:02:018:V0Set,1400,1400,0,MATCH
hchv15:02:018:VMon,1399.9,1399.94,-0.04,MATCH
hchv15:02:019:IMon,492.46,492.61,-0.15,MATCH
hchv15:02:019:V0Set,1400,1400,0,MATCH
hchv15:02:019:VMon,1399.94,1399.98,-0.04,MATCH
hchv15:02:020:IMon,505.72,505.79,-0.07,MATCH
hchv15:02:020:V0Set,1400,1400,0,MATCH
hchv15:02:020:VMon,1399.91,1399.99,-0.08,MATCH
hchv15:02:021:IMon,505.21,505.24,-0.03,MATCH
hchv15:02:021:V0Set,1400,1400,0,MATCH
hchv15:02:021:VMon,1399.89,1399.96,-0.07,MATCH
hchv15:06:000:IMon,503.81,503.8,0.01,MATCH
hchv15:06:000:V0Set,1400,1400,0,MATCH
hchv15:06:000:VMon,1399.97,1399.98,-0.01,MATCH
hchv15:06:001:IMon,504.03,504.02,0.01,MATCH
hchv15:06:001:V0Set,1400,1400,0,MATCH
hchv15:06:001:VMon,1399.91,1399.93,-0.02,MATCH
hchv15:06:002:IMon,504.07,504.09,-0.02,MATCH
hchv15:06:002:V0Set,1400,1400,0,MATCH
hchv15:06:002:VMon,1399.79,1399.81,-0.02,MATCH
hchv15:06:004:IMon,498.42,498.41,0.01,MATCH
hchv15:06:004:V0Set,1385,1385,0,MATCH
hchv15:06:004:VMon,1384.96,1384.98,-0.02,MATCH
hchv15:06:005:IMon,484.29,484.34,-0.05,MATCH
hchv15:06:005:V0Set,1345,1345,0,MATCH
hchv15:06:005:VMon,1345.01,1345.05,-0.04,MATCH
hchv15:06:006:IMon,499.05,499.06,-0.01,MATCH
hchv15:06:006:V0Set,1385,1385,0,MATCH
hchv15:06:006:VMon,1385.07,1385.07,0.00,MATCH
hchv15:06:007:IMon,394.85,394.81,0.04,MATCH
hchv15:06:007:V0Set,1095,1095,0,MATCH
hchv15:06:007:VMon,1095.08,1095.1,-0.02,MATCH
hchv15:06:008:IMon,541.76,541.73,0.03,MATCH
hchv15:06:008:V0Set,1500,1500,0,MATCH
hchv15:06:008:VMon,1500.06,1500.06,0.00,MATCH
hchv15:06:009:IMon,458.41,458.45,-0.04,MATCH
hchv15:06:009:V0Set,1270,1270,0,MATCH
hchv15:06:009:VMon,1270.08,1270.1,-0.02,MATCH
hchv15:06:010:IMon,505.41,505.44,-0.03,MATCH
hchv15:06:010:V0Set,1400,1400,0,MATCH
hchv15:06:010:VMon,1399.93,1399.94,-0.01,MATCH
hchv15:06:011:IMon,506.19,506.18,0.01,MATCH
hchv15:06:011:V0Set,1400,1400,0,MATCH
hchv15:06:011:VMon,1399.99,1399.99,0.00,MATCH
hchv15:06:012:IMon,504.25,504.19,0.06,MATCH
hchv15:06:012:V0Set,1400,1400,0,MATCH
hchv15:06:012:VMon,1400.11,1400.11,0.00,MATCH
hchv15:06:013:IMon,501.47,501.55,-0.08,MATCH
hchv15:06:013:V0Set,1400,1400,0,MATCH
hchv15:06:013:VMon,1400.22,1400.22,0.00,MATCH
hchv15:06:015:IMon,504.18,504.2,-0.02,MATCH
hchv15:06:015:V0Set,1400,1400,0,MATCH
hchv15:06:015:VMon,1400.09,1400.07,0.02,MATCH
hchv15:06:016:IMon,505.07,505.08,-0.01,MATCH
hchv15:06:016:V0Set,1400,1400,0,MATCH
hchv15:06:016:VMon,1400.05,1400.08,-0.03,MATCH
hchv15:06:017:IMon,505.59,505.59,0.00,MATCH
hchv15:06:017:V0Set,1400,1400,0,MATCH
hchv15:06:017:VMon,1399.98,1399.99,-0.01,MATCH
hchv15:06:018:IMon,505.63,505.67,-0.04,MATCH
hchv15:06:018:V0Set,1400,1400,0,MATCH
hchv15:06:018:VMon,1399.96,1399.99,-0.03,MATCH
hchv15:06:019:IMon,488.52,488.53,-0.01,MATCH
hchv15:06:019:V0Set,1355,1355,0,MATCH
hchv15:06:019:VMon,1355.09,1355.11,-0.02,MATCH
hchv15:06:020:IMon,563.3,563.27,0.03,MATCH
hchv15:06:020:V0Set,1560,1560,0,MATCH
hchv15:06:020:VMon,1559.99,1559.97,0.02,MATCH
hchv15:06:021:IMon,454.61,454.67,-0.06,MATCH
hchv15:06:021:V0Set,1260,1260,0,MATCH
hchv15:06:021:VMon,1260.03,1260.04,-0.01,MATCH
hchv15:06:022:IMon,514.59,514.59,0.00,MATCH
hchv15:06:022:V0Set,1425,1425,0,MATCH
hchv15:06:022:VMon,1425.13,1425.11,0.02,MATCH
hchv15:06:023:IMon,447.43,447.43,0.00,MATCH
hchv15:06:023:V0Set,1240,1240,0,MATCH
hchv15:06:023:VMon,1240.21,1240.21,0.00,MATCH
hchv15:08:000:IMon,483.5,483.48,0.02,MATCH
hchv15:08:000:V0Set,1340,1340,0,MATCH
hchv15:08:000:VMon,1339.91,1339.92,-0.01,MATCH
hchv15:08:001:IMon,506.52,506.49,0.03,MATCH
hchv15:08:001:V0Set,1405,1405,0,MATCH
hchv15:08:001:VMon,1404.94,1404.94,0.00,MATCH
hchv15:08:002:IMon,478.81,478.77,0.04,MATCH
hchv15:08:002:V0Set,1325,1325,0,MATCH
hchv15:08:002:VMon,1324.93,1324.93,0.00,MATCH
hchv15:08:003:IMon,504.66,504.63,0.03,MATCH
hchv15:08:003:V0Set,1400,1400,0,MATCH
hchv15:08:003:VMon,1399.93,1399.94,-0.01,MATCH
hchv15:08:004:IMon,505.02,504.97,0.05,MATCH
hchv15:08:004:V0Set,1400,1400,0,MATCH
hchv15:08:004:VMon,1399.84,1399.84,0.00,MATCH
hchv15:08:005:IMon,505.16,505.13,0.03,MATCH
hchv15:08:005:V0Set,1400,1400,0,MATCH
hchv15:08:005:VMon,1399.87,1399.87,0.00,MATCH
hchv15:08:008:IMon,504.81,504.73,0.08,MATCH
hchv15:08:008:V0Set,1400,1400,0,MATCH
hchv15:08:008:VMon,1400.04,1400.02,0.02,MATCH
hchv15:08:009:IMon,504.65,504.69,-0.04,MATCH
hchv15:08:009:V0Set,1400,1400,0,MATCH
hchv15:08:009:VMon,1399.94,1399.95,-0.01,MATCH
hchv15:08:010:IMon,451.1,451.12,-0.02,MATCH
hchv15:08:010:V0Set,1250,1250,0,MATCH
hchv15:08:010:VMon,1249.96,1249.97,-0.01,MATCH
hchv15:08:011:IMon,576.65,576.62,0.03,MATCH
hchv15:08:011:V0Set,1600,1600,0,MATCH
hchv15:08:011:VMon,1599.95,1599.95,0.00,MATCH
hchv15:08:012:IMon,519.64,519.57,0.07,MATCH
hchv15:08:012:V0Set,1440,1440,0,MATCH
hchv15:08:012:VMon,1439.98,1439.93,0.05,MATCH
hchv15:08:013:IMon,574.87,574.81,0.06,MATCH
hchv15:08:013:V0Set,1595,1595,0,MATCH
hchv15:08:013:VMon,1595.08,1595.02,0.06,MATCH
hchv15:08:014:IMon,520.98,521,-0.02,MATCH
hchv15:08:014:V0Set,1445,1445,0,MATCH
hchv15:08:014:VMon,1444.9,1444.85,0.05,MATCH
hchv15:08:015:IMon,488.48,488.41,0.07,MATCH
hchv15:08:015:V0Set,1355,1355,0,MATCH
hchv15:08:015:VMon,1354.96,1354.91,0.05,MATCH
hchv15:08:016:IMon,488.16,488.17,-0.01,MATCH
hchv15:08:016:V0Set,1355,1355,0,MATCH
hchv15:08:016:VMon,1354.97,1355.01,-0.04,MATCH
hchv15:08:017:IMon,550.18,550.2,-0.02,MATCH
hchv15:08:017:V0Set,1525,1525,0,MATCH
hchv15:08:017:VMon,1524.88,1524.9,-0.02,MATCH
hchv15:08:018:IMon,518.55,518.56,-0.01,MATCH
hchv15:08:018:V0Set,1440,1440,0,MATCH
hchv15:08:018:VMon,1439.96,1439.97,-0.01,MATCH
hchv15:08:019:IMon,554.55,554.53,0.02,MATCH
hchv15:08:019:V0Set,1540,1540,0,MATCH
hchv15:08:019:VMon,1540.06,1540.07,-0.01,MATCH
hchv15:08:020:IMon,505.43,505.42,0.01,MATCH
hchv15:08:020:V0Set,1400,1400,0,MATCH
hchv15:08:020:VMon,1400.07,1400.08,-0.01,MATCH
hchv15:08:021:IMon,505.34,505.35,-0.01,MATCH
hchv15:08:021:V0Set,1400,1400,0,MATCH
hchv15:08:021:VMon,1399.99,1400.03,-0.04,MATCH
hchv15:12:000:IMon,505.24,505.23,0.01,MATCH
hchv15:12:000:V0Set,1400,1400,0,MATCH
hchv15:12:000:VMon,1400,1400.02,-0.02,MATCH
hchv15:12:001:IMon,509.33,508.95,0.38,MATCH
hchv15:12:001:V0Set,1415,1415,0,MATCH
hchv15:12:001:VMon,1414.97,1414.99,-0.02,MATCH
hchv15:12:002:IMon,574.8,574.76,0.04,MATCH
hchv15:12:002:V0Set,1595,1595,0,MATCH
hchv15:12:002:VMon,1594.89,1594.91,-0.02,MATCH
hchv15:12:003:IMon,464.64,464.71,-0.07,MATCH
hchv15:12:003:V0Set,1290,1290,0,MATCH
hchv15:12:003:VMon,1290.03,1290.04,-0.01,MATCH
hchv15:12:004:IMon,517.72,517.75,-0.03,MATCH
hchv15:12:004:V0Set,1435,1435,0,MATCH
hchv15:12:004:VMon,1434.72,1434.74,-0.02,MATCH
hchv15:12:005:IMon,543.72,543.7,0.02,MATCH
hchv15:12:005:V0Set,1510,1510,0,MATCH
hchv15:12:005:VMon,1509.77,1509.78,-0.01,MATCH
hchv15:12:006:IMon,470.4,470.49,-0.09,MATCH
hchv15:12:006:V0Set,1305,1305,0,MATCH
hchv15:12:006:VMon,1304.79,1304.81,-0.02,MATCH
hchv15:12:007:IMon,465.23,465.27,-0.04,MATCH
hchv15:12:007:V0Set,1290,1290,0,MATCH
hchv15:12:007:VMon,1289.9,1289.9,0.0,MATCH
hchv15:12:008:IMon,562.91,562.89,0.02,MATCH
hchv15:12:008:V0Set,1560,1560,0,MATCH
hchv15:12:008:VMon,1560.04,1560.06,-0.02,MATCH
hchv15:12:009:IMon,518.27,518.23,0.04,MATCH
hchv15:12:009:V0Set,1435,1435,0,MATCH
hchv15:12:009:VMon,1434.99,1434.99,0.00,MATCH
hchv15:12:010:IMon,531.92,531.81,0.11,MATCH
hchv15:12:010:V0Set,1475,1475,0,MATCH
hchv15:12:010:VMon,1474.91,1474.94,-0.03,MATCH
hchv15:12:011:IMon,528.25,528.29,-0.04,MATCH
hchv15:12:011:V0Set,1465,1465,0,MATCH
hchv15:12:011:VMon,1464.9,1464.91,-0.01,MATCH
hchv15:12:012:IMon,504.45,504.54,-0.09,MATCH
hchv15:12:012:V0Set,1400,1400,0,MATCH
hchv15:12:012:VMon,1399.96,1400.01,-0.05,MATCH
hchv15:12:013:IMon,505.01,505.02,-0.01,MATCH
hchv15:12:013:V0Set,1400,1400,0,MATCH
hchv15:12:013:VMon,1399.94,1399.97,-0.03,MATCH
hchv15:12:016:IMon,457.78,457.77,0.01,MATCH
hchv15:12:016:V0Set,1270,1270,0,MATCH
hchv15:12:016:VMon,1269.96,1269.98,-0.02,MATCH
hchv15:12:017:IMon,573.36,573.34,0.02,MATCH
hchv15:12:017:V0Set,1590,1590,0,MATCH
hchv15:12:017:VMon,1589.95,1589.96,-0.01,MATCH
hchv15:12:018:IMon,513.45,513.43,0.02,MATCH
hchv15:12:018:V0Set,1425,1425,0,MATCH
hchv15:12:018:VMon,1425.04,1425.04,0.00,MATCH
hchv15:12:019:IMon,555.65,556.24,-0.59,MATCH
hchv15:12:019:V0Set,1545,1545,0,MATCH
hchv15:12:019:VMon,1545.02,1545.03,-0.01,MATCH
hchv15:12:020:IMon,521.04,521.07,-0.03,MATCH
hchv15:12:020:V0Set,1445,1445,0,MATCH
hchv15:12:020:VMon,1444.99,1445.06,-0.07,MATCH
hchv15:12:021:IMon,537.75,537.74,0.01,MATCH
hchv15:12:021:V0Set,1490,1490,0,MATCH
hchv15:12:021:VMon,1489.91,1489.98,-0.07,MATCH
hchv15:12:022:IMon,504.65,504.69,-0.04,MATCH
hchv15:12:022:V0Set,1400,1400,0,MATCH
hchv15:12:022:VMon,1399.93,1400.01,-0.08,MATCH
hchv15:12:023:IMon,482.46,482.53,-0.07,MATCH
hchv15:12:023:V0Set,1340,1340,0,MATCH
hchv15:12:023:VMon,1339.92,1340,-0.08,MATCH
hchv15:14:000:IMon,489.86,489.93,-0.07,MATCH
hchv15:14:000:V0Set,1360,1360,0,MATCH
hchv15:14:000:VMon,1359.92,1359.95,-0.03,MATCH
hchv15:14:001:IMon,522.91,522.88,0.03,MATCH
hchv15:14:001:V0Set,1450,1450,0,MATCH
hchv15:14:001:VMon,1450.01,1450.02,-0.01,MATCH
hchv15:14:002:IMon,516.32,516.31,0.01,MATCH
hchv15:14:002:V0Set,1430,1430,0,MATCH
hchv15:14:002:VMon,1429.85,1429.89,-0.04,MATCH
hchv15:14:003:IMon,484.89,484.95,-0.06,MATCH
hchv15:14:003:V0Set,1345,1345,0,MATCH
hchv15:14:003:VMon,1344.91,1344.95,-0.04,MATCH
hchv15:14:004:IMon,515.23,515.28,-0.05,MATCH
hchv15:14:004:V0Set,1430,1430,0,MATCH
hchv15:14:004:VMon,1429.81,1429.87,-0.06,MATCH
hchv15:14:005:IMon,504.79,504.81,-0.02,MATCH
hchv15:14:005:V0Set,1400,1400,0,MATCH
hchv15:14:005:VMon,1399.73,1399.78,-0.05,MATCH
hchv16:00:000:IMon,2652.66,2652.84,-0.18,MATCH
hchv16:00:000:V0Set,1690,1690,0,MATCH
hchv16:00:000:VMon,1690.32,1690.3,0.02,MATCH
hchv16:00:002:IMon,2232.11,2232.3,-0.19,MATCH
hchv16:00:002:V0Set,1420,1420,0,MATCH
hchv16:00:002:VMon,1419.99,1419.99,0.00,MATCH
hchv16:00:003:IMon,2579.98,2580,-0.02,MATCH
hchv16:00:003:V0Set,1644,1644,0,MATCH
hchv16:00:003:VMon,1644.12,1644.13,-0.01,MATCH
hchv16:00:004:IMon,2319.81,2319.96,-0.15,MATCH
hchv16:00:004:V0Set,1476,1476,0,MATCH
hchv16:00:004:VMon,1475.91,1475.94,-0.03,MATCH
hchv16:00:005:IMon,2224.29,2224.35,-0.06,MATCH
hchv16:00:005:V0Set,1416,1416,0,MATCH
hchv16:00:005:VMon,1415.87,1415.9,-0.03,MATCH
hchv16:00:006:IMon,2189.25,2189.28,-0.03,MATCH
hchv16:00:006:V0Set,1392,1392,0,MATCH
hchv16:00:006:VMon,1391.87,1391.89,-0.02,MATCH
hchv16:00:007:IMon,2435.03,2435.32,-0.29,MATCH
hchv16:00:007:V0Set,1550,1550,0,MATCH
hchv16:00:007:VMon,1549.88,1549.92,-0.04,MATCH
hchv16:00:008:IMon,2323.19,2323.38,-0.19,MATCH
hchv16:00:008:V0Set,1476,1476,0,MATCH
hchv16:00:008:VMon,1475.96,1475.96,0.00,MATCH
hchv16:00:009:IMon,2392.22,2392.57,-0.35,MATCH
hchv16:00:009:V0Set,1523,1523,0,MATCH
hchv16:00:009:VMon,1523.07,1523.08,-0.01,MATCH
hchv16:00:010:IMon,2340.05,2340.26,-0.21,MATCH
hchv16:00:010:V0Set,1490,1490,0,MATCH
hchv16:00:010:VMon,1489.98,1489.95,0.03,MATCH
hchv16:00:011:IMon,2294.81,2295.01,-0.20,MATCH
hchv16:00:011:V0Set,1459,1459,0,MATCH
hchv16:00:011:VMon,1458.9,1458.93,-0.03,MATCH
hchv16:00:012:IMon,2510.7,2510.88,-0.18,MATCH
hchv16:00:012:V0Set,1595,1595,0,MATCH
hchv16:00:012:VMon,1594.99,1594.99,0.00,MATCH
hchv16:00:013:IMon,2550.16,2550.5,-0.34,MATCH
hchv16:00:013:V0Set,1624,1624,0,MATCH
hchv16:00:013:VMon,1623.95,1624,-0.05,MATCH
hchv16:00:014:IMon,2226.85,2226.94,-0.09,MATCH
hchv16:00:014:V0Set,1417,1417,0,MATCH
hchv16:00:014:VMon,1416.95,1416.94,0.01,MATCH
hchv16:00:015:IMon,2266.18,2266.35,-0.17,MATCH
hchv16:00:015:V0Set,1442,1442,0,MATCH
hchv16:00:015:VMon,1442,1442.01,-0.01,MATCH
hchv16:00:016:IMon,2380.35,2380.55,-0.20,MATCH
hchv16:00:016:V0Set,1515,1515,0,MATCH
hchv16:00:016:VMon,1515.02,1515.03,-0.01,MATCH
hchv16:00:017:IMon,2549.32,2549.46,-0.14,MATCH
hchv16:00:017:V0Set,1624,1624,0,MATCH
hchv16:00:017:VMon,1624.1,1624.12,-0.02,MATCH
hchv16:00:018:IMon,2513.37,2513.3,0.07,MATCH
hchv16:00:018:V0Set,1600,1600,0,MATCH
hchv16:00:018:VMon,1599.98,1599.98,0.00,MATCH
hchv16:00:019:IMon,2377.1,2377.22,-0.12,MATCH
hchv16:00:019:V0Set,1513,1513,0,MATCH
hchv16:00:019:VMon,1513.03,1513.06,-0.03,MATCH
hchv16:00:020:IMon,2634.24,2634.05,0.19,MATCH
hchv16:00:020:V0Set,1679,1679,0,MATCH
hchv16:00:020:VMon,1678.95,1679.06,-0.11,MATCH
hchv16:00:021:IMon,2511.32,2511.6,-0.28,MATCH
hchv16:00:021:V0Set,1600,1600,0,MATCH
hchv16:00:021:VMon,1599.86,1599.97,-0.11,MATCH
hchv16:00:022:IMon,2278.46,2278.66,-0.20,MATCH
hchv16:00:022:V0Set,1450,1450,0,MATCH
hchv16:00:022:VMon,1449.99,1450.06,-0.07,MATCH
hchv16:03:000:IMon,2492.65,2492.93,-0.28,MATCH
hchv16:03:000:V0Set,1588,1588,0,MATCH
hchv16:03:000:VMon,1587.98,1587.95,0.03,MATCH
hchv16:03:001:IMon,2650.89,2651.18,-0.29,MATCH
hchv16:03:001:V0Set,1690,1690,0,MATCH
hchv16:03:001:VMon,1689.9,1689.89,0.01,MATCH
hchv16:03:002:IMon,2511.88,2512.27,-0.39,MATCH
hchv16:03:002:V0Set,1600,1600,0,MATCH
hchv16:03:002:VMon,1599.93,1599.89,0.04,MATCH
hchv16:03:003:IMon,2433.84,2433.92,-0.08,MATCH
hchv16:03:003:V0Set,1550,1550,0,MATCH
hchv16:03:003:VMon,1549.98,1549.95,0.03,MATCH
hchv16:03:004:IMon,2488.78,2488.66,0.12,MATCH
hchv16:03:004:V0Set,1585,1585,0,MATCH
hchv16:03:004:VMon,1584.85,1584.82,0.03,MATCH
hchv16:03:005:IMon,2429.58,2429.91,-0.33,MATCH
hchv16:03:005:V0Set,1547,1547,0,MATCH
hchv16:03:005:VMon,1546.89,1546.9,-0.01,MATCH
hchv16:03:006:IMon,2278.06,2278.08,-0.02,MATCH
hchv16:03:006:V0Set,1450,1450,0,MATCH
hchv16:03:006:VMon,1449.89,1449.88,0.01,MATCH
hchv16:03:007:IMon,2427.34,2427.68,-0.34,MATCH
hchv16:03:007:V0Set,1550,1550,0,MATCH
hchv16:03:007:VMon,1549.92,1549.9,0.02,MATCH
hchv16:03:008:IMon,2340.81,2340.93,-0.12,MATCH
hchv16:03:008:V0Set,1490,1490,0,MATCH
hchv16:03:008:VMon,1489.86,1489.84,0.02,MATCH
hchv16:03:009:IMon,2379.54,2379.67,-0.13,MATCH
hchv16:03:009:V0Set,1515,1515,0,MATCH
hchv16:03:009:VMon,1514.94,1514.91,0.03,MATCH
hchv16:03:010:IMon,2387.34,2387.64,-0.30,MATCH
hchv16:03:010:V0Set,1520,1520,0,MATCH
hchv16:03:010:VMon,1519.9,1519.89,0.01,MATCH
hchv16:03:011:IMon,2433.49,2433.62,-0.13,MATCH
hchv16:03:011:V0Set,1550,1550,0,MATCH
hchv16:03:011:VMon,1549.82,1549.81,0.01,MATCH
hchv16:03:012:IMon,2378.69,2379.3,-0.61,MATCH
hchv16:03:012:V0Set,1515,1515,0,MATCH
hchv16:03:012:VMon,1514.82,1514.88,-0.06,MATCH
hchv16:03:013:IMon,2356.24,2356.62,-0.38,MATCH
hchv16:03:013:V0Set,1500,1500,0,MATCH
hchv16:03:013:VMon,1499.78,1499.83,-0.05,MATCH
hchv16:03:014:IMon,2292.6,2292.82,-0.22,MATCH
hchv16:03:014:V0Set,1460,1460,0,MATCH
hchv16:03:014:VMon,1459.81,1459.83,-0.02,MATCH
hchv16:03:015:IMon,2433.7,2434.06,-0.36,MATCH
hchv16:03:015:V0Set,1550,1550,0,MATCH
hchv16:03:015:VMon,1549.73,1549.8,-0.07,MATCH
hchv16:03:016:IMon,2277.72,2278.05,-0.33,MATCH
hchv16:03:016:V0Set,1450,1450,0,MATCH
hchv16:03:016:VMon,1449.92,1449.91,0.01,MATCH
hchv16:03:017:IMon,2651.68,2652.01,-0.33,MATCH
hchv16:03:017:V0Set,1690,1690,0,MATCH
hchv16:03:017:VMon,1689.83,1689.82,0.01,MATCH
hchv16:03:018:IMon,2294.36,2294.73,-0.37,MATCH
hchv16:03:018:V0Set,1460,1460,0,MATCH
hchv16:03:018:VMon,1460,1459.97,0.03,MATCH
hchv16:03:019:IMon,2396.63,2396.72,-0.09,MATCH
hchv16:03:019:V0Set,1526,1526,0,MATCH
hchv16:03:019:VMon,1525.97,1525.95,0.02,MATCH
hchv16:03:020:IMon,2356.32,2356.57,-0.25,MATCH
hchv16:03:020:V0Set,1500,1500,0,MATCH
hchv16:03:020:VMon,1499.81,1499.9,-0.09,MATCH
hchv16:03:021:IMon,2203.56,2203.78,-0.22,MATCH
hchv16:03:021:V0Set,1400,1400,0,MATCH
hchv16:03:021:VMon,1399.88,1399.96,-0.08,MATCH
hchv16:06:000:IMon,2202.29,2202.15,0.14,MATCH
hchv16:06:000:V0Set,1400,1400,0,MATCH
hchv16:06:000:VMon,1399.98,1400.01,-0.03,MATCH
hchv16:06:001:IMon,2632.02,2632.11,-0.09,MATCH
hchv16:06:001:V0Set,1677,1677,0,MATCH
hchv16:06:001:VMon,1676.97,1676.96,0.01,MATCH
hchv16:06:002:IMon,2074.66,2074.88,-0.22,MATCH
hchv16:06:002:V0Set,1320,1320,0,MATCH
hchv16:06:002:VMon,1319.94,1319.94,0.00,MATCH
hchv16:06:003:IMon,2294.27,2294.42,-0.15,MATCH
hchv16:06:003:V0Set,1460,1460,0,MATCH
hchv16:06:003:VMon,1459.92,1459.91,0.01,MATCH
hchv16:06:004:IMon,2384.43,2384.46,-0.03,MATCH
hchv16:06:004:V0Set,1518,1518,0,MATCH
hchv16:06:004:VMon,1517.92,1517.93,-0.01,MATCH
hchv16:06:005:IMon,2323.81,2324.11,-0.30,MATCH
hchv16:06:005:V0Set,1479,1479,0,MATCH
hchv16:06:005:VMon,1478.94,1478.94,0.00,MATCH
hchv16:06:006:IMon,2398.63,2398.91,-0.28,MATCH
hchv16:06:006:V0Set,1530,1530,0,MATCH
hchv16:06:006:VMon,1529.93,1529.93,0.00,MATCH
hchv16:06:007:IMon,2497.33,2497.48,-0.15,MATCH
hchv16:06:007:V0Set,1590,1590,0,MATCH
hchv16:06:007:VMon,1589.93,1589.92,0.01,MATCH
hchv16:06:008:IMon,2548.83,2549.16,-0.33,MATCH
hchv16:06:008:V0Set,1624,1624,0,MATCH
hchv16:06:008:VMon,1623.89,1623.9,-0.01,MATCH
hchv16:06:009:IMon,2241.02,2241.31,-0.29,MATCH
hchv16:06:009:V0Set,1426,1426,0,MATCH
hchv16:06:009:VMon,1425.93,1425.93,0.00,MATCH
hchv16:06:010:IMon,2297.88,2298.26,-0.38,MATCH
hchv16:06:010:V0Set,1461,1461,0,MATCH
hchv16:06:010:VMon,1460.98,1460.97,0.01,MATCH
hchv16:06:011:IMon,2388.52,2388.79,-0.27,MATCH
hchv16:06:011:V0Set,1520,1520,0,MATCH
hchv16:06:011:VMon,1519.99,1519.99,0.00,MATCH
hchv16:06:012:IMon,2194.28,2194.5,-0.22,MATCH
hchv16:06:012:V0Set,1400,1400,0,MATCH
hchv16:06:012:VMon,1399.78,1399.75,0.03,MATCH
hchv16:06:013:IMon,2329.01,2329.4,-0.39,MATCH
hchv16:06:013:V0Set,1483,1483,0,MATCH
hchv16:06:013:VMon,1482.8,1482.77,0.03,MATCH
hchv16:06:014:IMon,2591.32,2591.46,-0.14,MATCH
hchv16:06:014:V0Set,1648,1648,0,MATCH
hchv16:06:014:VMon,1647.91,1647.86,0.05,MATCH
hchv16:06:015:IMon,2658.9,2659.01,-0.11,MATCH
hchv16:06:015:V0Set,1690,1690,0,MATCH
hchv16:06:015:VMon,1689.87,1689.83,0.04,MATCH
hchv16:06:016:IMon,2297.18,2297.39,-0.21,MATCH
hchv16:06:016:V0Set,1467,1467,0,MATCH
hchv16:06:016:VMon,1466.92,1466.91,0.01,MATCH
hchv16:06:017:IMon,2653.6,2651.81,1.79,MATCH
hchv16:06:017:V0Set,1690,1690,0,MATCH
hchv16:06:017:VMon,1689.86,1689.86,0.00,MATCH
hchv16:06:018:IMon,2270.71,2270.88,-0.17,MATCH
hchv16:06:018:V0Set,1447,1447,0,MATCH
hchv16:06:018:VMon,1446.91,1446.91,0.00,MATCH
hchv16:06:019:IMon,2207.77,2207.71,0.06,MATCH
hchv16:06:019:V0Set,1405,1405,0,MATCH
hchv16:06:019:VMon,1404.97,1404.96,0.01,MATCH
hchv16:06:020:IMon,2244.35,2244.62,-0.27,MATCH
hchv16:06:020:V0Set,1426,1426,0,MATCH
hchv16:06:020:VMon,1425.84,1425.85,-0.01,MATCH
hchv16:06:021:IMon,2386.07,2386.17,-0.10,MATCH
hchv16:06:021:V0Set,1517,1517,0,MATCH
hchv16:06:021:VMon,1516.96,1516.94,0.02,MATCH
hchv16:06:022:IMon,2674.76,2674.38,0.38,MATCH
hchv16:06:022:V0Set,1700,1700,0,MATCH
hchv16:06:022:VMon,1699.83,1699.83,0.00,MATCH
hchv16:09:000:IMon,2414.09,2414.07,0.02,MATCH
hchv16:09:000:V0Set,1535,1535,0,MATCH
hchv16:09:000:VMon,1534.88,1534.89,-0.01,MATCH
hchv16:09:001:IMon,2625.95,2625.99,-0.04,MATCH
hchv16:09:001:V0Set,1670,1670,0,MATCH
hchv16:09:001:VMon,1669.96,1669.92,0.04,MATCH
hchv16:09:002:IMon,2344.92,2345.16,-0.24,MATCH
hchv16:09:002:V0Set,1490,1490,0,MATCH
hchv16:09:002:VMon,1489.92,1489.92,0.00,MATCH
hchv16:09:003:IMon,2328.67,2328.87,-0.20,MATCH
hchv16:09:003:V0Set,1480,1480,0,MATCH
hchv16:09:003:VMon,1479.85,1479.85,0.00,MATCH
hchv16:09:004:IMon,2433.32,2432.95,0.37,MATCH
hchv16:09:004:V0Set,1548,1548,0,MATCH
hchv16:09:004:VMon,1548.07,1547.94,0.13,MATCH
hchv16:09:005:IMon,2254.44,2254.32,0.12,MATCH
hchv16:09:005:V0Set,1432,1432,0,MATCH
hchv16:09:005:VMon,1432.05,1431.91,0.14,MATCH
hchv16:09:006:IMon,2284.78,2284.79,-0.01,MATCH
hchv16:09:006:V0Set,1452,1452,0,MATCH
hchv16:09:006:VMon,1451.99,1451.86,0.13,MATCH
hchv16:09:007:IMon,2480.37,2480.31,0.06,MATCH
hchv16:09:007:V0Set,1579,1579,0,MATCH
hchv16:09:007:VMon,1579.04,1578.9,0.14,MATCH
hchv16:09:008:IMon,2463.28,2463.34,-0.06,MATCH
hchv16:09:008:V0Set,1566,1566,0,MATCH
hchv16:09:008:VMon,1565.86,1565.88,-0.02,MATCH
hchv16:09:009:IMon,2400.2,2400.23,-0.03,MATCH
hchv16:09:009:V0Set,1531,1531,0,MATCH
hchv16:09:009:VMon,1531.04,1531.01,0.03,MATCH
hchv16:09:010:IMon,2270.36,2270.61,-0.25,MATCH
hchv16:09:010:V0Set,1442,1442,0,MATCH
hchv16:09:010:VMon,1441.98,1441.96,0.02,MATCH
hchv16:09:020:IMon,-0.45,-0.36,-0.09,MATCH
hchv16:09:020:V0Set,1940,1940,0,MATCH
hchv16:09:020:VMon,1940.17,1940.12,0.05,MATCH
hchv16:09:021:IMon,-0.3,0.16,-0.46,MATCH
hchv16:09:021:V0Set,1940,1940,0,MATCH
hchv16:09:021:VMon,1940.2,1940.18,0.02,MATCH
hchv16:09:022:IMon,-0.29,-0.24,-0.05,MATCH
hchv16:09:022:V0Set,1940,1940,0,MATCH
hchv16:09:022:VMon,1939.98,1939.96,0.02,MATCH
hchv16:09:023:IMon,-0.26,0.1,-0.36,MATCH
hchv16:09:023:V0Set,1940,1940,0,MATCH
hchv16:09:023:VMon,1940.04,1940.01,0.03,MATCH
hchv16:14:000:IMon,1097.26,1084.99,12.27,MISMATCH
hchv16:14:000:V0Set,2657,2657,0,MATCH
hchv16:14:000:VMon,2656.77,2656.76,0.01,MATCH
hchv16:14:001:IMon,1144.51,1143.95,0.56,MATCH
hchv16:14:001:V0Set,2693,2693,0,MATCH
hchv16:14:001:VMon,2692.82,2692.8,0.02,MATCH
hchv17:02:000:IMon,672.52,672.87,-0.35,MATCH
hchv17:02:000:V0Set,1690,1690,0,MATCH
hchv17:02:000:VMon,1689.98,1689.96,0.02,MATCH
hchv17:02:001:IMon,777.95,778.39,-0.44,MATCH
hchv17:02:001:V0Set,1815,1815,0,MATCH
hchv17:02:001:VMon,1814.94,1814.92,0.02,MATCH
hchv17:02:002:IMon,842.53,842.86,-0.33,MATCH
hchv17:02:002:V0Set,1900,1900,0,MATCH
hchv17:02:002:VMon,1899.96,1899.95,0.01,MATCH
hchv17:02:003:IMon,800.57,800.86,-0.29,MATCH
hchv17:02:003:V0Set,1844,1844,0,MATCH
hchv17:02:003:VMon,1844.03,1844.01,0.02,MATCH
hchv17:02:004:IMon,643.92,643.42,0.50,MATCH
hchv17:02:004:V0Set,1660,1660,0,MATCH
hchv17:02:004:VMon,1660.06,1660,0.06,MATCH
hchv17:02:005:IMon,751.79,751.1,0.69,MATCH
hchv17:02:005:V0Set,1793,1793,0,MATCH
hchv17:02:005:VMon,1792.98,1792.83,0.15,MATCH
hchv17:02:006:IMon,780.37,780.1,0.27,MATCH
hchv17:02:006:V0Set,1817,1817,0,MATCH
hchv17:02:006:VMon,1816.94,1816.88,0.06,MATCH
hchv17:02:007:IMon,845.84,845.55,0.29,MATCH
hchv17:02:007:V0Set,1897,1897,0,MATCH
hchv17:02:007:VMon,1896.97,1896.89,0.08,MATCH
hchv17:02:008:IMon,771.34,770.49,0.85,MATCH
hchv17:02:008:V0Set,1815,1815,0,MATCH
hchv17:02:008:VMon,1814.79,1814.75,0.04,MATCH
hchv17:02:009:IMon,796.21,795.39,0.82,MATCH
hchv17:02:009:V0Set,1830,1830,0,MATCH
hchv17:02:009:VMon,1829.84,1829.81,0.03,MATCH
hchv17:02:010:IMon,785.59,784.88,0.71,MATCH
hchv17:02:010:V0Set,1825,1825,0,MATCH
hchv17:02:010:VMon,1824.9,1824.87,0.03,MATCH
hchv17:02:011:IMon,788.18,787.39,0.79,MATCH
hchv17:02:011:V0Set,1827,1827,0,MATCH
hchv17:02:011:VMon,1826.8,1826.79,0.01,MATCH
hchv17:02:012:IMon,663.99,663.5,0.49,MATCH
hchv17:02:012:V0Set,1690,1690,0,MATCH
hchv17:02:012:VMon,1690.06,1690.05,0.01,MATCH
hchv17:02:013:IMon,715.74,715.46,0.28,MATCH
hchv17:02:013:V0Set,1738,1738,0,MATCH
hchv17:02:013:VMon,1738.03,1737.99,0.04,MATCH
hchv17:02:014:IMon,712.97,712.71,0.26,MATCH
hchv17:02:014:V0Set,1750,1750,0,MATCH
hchv17:02:014:VMon,1749.94,1749.94,0.00,MATCH
hchv17:02:015:IMon,727.71,727.45,0.26,MATCH
hchv17:02:015:V0Set,1765,1765,0,MATCH
hchv17:02:015:VMon,1764.97,1764.94,0.03,MATCH
hchv17:02:016:IMon,743.79,743.44,0.35,MATCH
hchv17:02:016:V0Set,1785,1785,0,MATCH
hchv17:02:016:VMon,1784.82,1784.83,-0.01,MATCH
hchv17:02:017:IMon,722.9,722.54,0.36,MATCH
hchv17:02:017:V0Set,1743,1743,0,MATCH
hchv17:02:017:VMon,1742.89,1742.89,0.00,MATCH
hchv17:02:018:IMon,756.99,756.78,0.21,MATCH
hchv17:02:018:V0Set,1803,1803,0,MATCH
hchv17:02:018:VMon,1802.8,1802.81,-0.01,MATCH
hchv17:02:019:IMon,743.69,743.42,0.27,MATCH
hchv17:02:019:V0Set,1780,1780,0,MATCH
hchv17:02:019:VMon,1779.91,1779.93,-0.02,MATCH
hchv17:02:020:IMon,688.36,687.9,0.46,MATCH
hchv17:02:020:V0Set,1710,1710,0,MATCH
hchv17:02:020:VMon,1709.72,1709.77,-0.05,MATCH
hchv17:02:021:IMon,792.43,792.01,0.42,MATCH
hchv17:02:021:V0Set,1840,1840,0,MATCH
hchv17:02:021:VMon,1839.81,1839.86,-0.05,MATCH
hchv17:02:022:IMon,802.66,802.47,0.19,MATCH
hchv17:02:022:V0Set,1850,1850,0,MATCH
hchv17:02:022:VMon,1849.72,1849.79,-0.07,MATCH
hchv17:02:023:IMon,752.18,752.02,0.16,MATCH
hchv17:02:023:V0Set,1800,1800,0,MATCH
hchv17:02:023:VMon,1799.83,1799.9,-0.07,MATCH
hchv17:05:000:IMon,739.49,739.67,-0.18,MATCH
hchv17:05:000:V0Set,1770,1770,0,MATCH
hchv17:05:000:VMon,1769.92,1769.94,-0.02,MATCH
hchv17:05:001:IMon,773.74,774.03,-0.29,MATCH
hchv17:05:001:V0Set,1820,1820,0,MATCH
hchv17:05:001:VMon,1819.8,1819.81,-0.01,MATCH
hchv17:05:002:IMon,717.9,718.15,-0.25,MATCH
hchv17:05:002:V0Set,1750,1750,0,MATCH
hchv17:05:002:VMon,1749.85,1749.85,0.00,MATCH
hchv17:05:003:IMon,751.89,752.35,-0.46,MATCH
hchv17:05:003:V0Set,1785,1785,0,MATCH
hchv17:05:003:VMon,1784.99,1784.99,0.00,MATCH
hchv17:05:004:IMon,723.02,722.4,0.62,MATCH
hchv17:05:004:V0Set,1758,1758,0,MATCH
hchv17:05:004:VMon,1757.88,1757.91,-0.03,MATCH
hchv17:05:005:IMon,750.36,749.88,0.48,MATCH
hchv17:05:005:V0Set,1795,1795,0,MATCH
hchv17:05:005:VMon,1794.65,1794.66,-0.01,MATCH
hchv17:05:006:IMon,691.13,690.71,0.42,MATCH
hchv17:05:006:V0Set,1715,1715,0,MATCH
hchv17:05:006:VMon,1714.8,1714.83,-0.03,MATCH
hchv17:05:007:IMon,694.78,694.24,0.54,MATCH
hchv17:05:007:V0Set,1715,1715,0,MATCH
hchv17:05:007:VMon,1714.76,1714.74,0.02,MATCH
hchv17:05:008:IMon,757.88,757.01,0.87,MATCH
hchv17:05:008:V0Set,1790,1790,0,MATCH
hchv17:05:008:VMon,1789.88,1789.87,0.01,MATCH
hchv17:05:009:IMon,788.31,787.53,0.78,MATCH
hchv17:05:009:V0Set,1840,1840,0,MATCH
hchv17:05:009:VMon,1839.82,1839.83,-0.01,MATCH
hchv17:05:010:IMon,787.01,786.49,0.52,MATCH
hchv17:05:010:V0Set,1835,1835,0,MATCH
hchv17:05:010:VMon,1834.79,1834.78,0.01,MATCH
hchv17:05:011:IMon,785.24,785.21,0.03,MATCH
hchv17:05:011:V0Set,1829,1829,0,MATCH
hchv17:05:011:VMon,1828.86,1828.85,0.01,MATCH
hchv17:05:012:IMon,720.79,720.49,0.30,MATCH
hchv17:05:012:V0Set,1754,1754,0,MATCH
hchv17:05:012:VMon,1753.8,1753.83,-0.03,MATCH
hchv17:05:013:IMon,728.8,728.41,0.39,MATCH
hchv17:05:013:V0Set,1758,1758,0,MATCH
hchv17:05:013:VMon,1757.96,1757.95,0.01,MATCH
hchv17:05:014:IMon,711.37,710.98,0.39,MATCH
hchv17:05:014:V0Set,1738,1738,0,MATCH
hchv17:05:014:VMon,1737.94,1737.95,-0.01,MATCH
hchv17:05:015:IMon,739.68,739.4,0.28,MATCH
hchv17:05:015:V0Set,1762,1762,0,MATCH
hchv17:05:015:VMon,1761.94,1761.94,0.00,MATCH
hchv17:05:016:IMon,741.71,741.21,0.50,MATCH
hchv17:05:016:V0Set,1780,1780,0,MATCH
hchv17:05:016:VMon,1779.77,1779.76,0.01,MATCH
hchv17:05:017:IMon,760.07,759.79,0.28,MATCH
hchv17:05:017:V0Set,1800,1800,0,MATCH
hchv17:05:017:VMon,1799.89,1799.86,0.03,MATCH
hchv17:05:018:IMon,690.39,690.04,0.35,MATCH
hchv17:05:018:V0Set,1712,1712,0,MATCH
hchv17:05:018:VMon,1711.94,1711.91,0.03,MATCH
hchv17:05:019:IMon,744.42,744.24,0.18,MATCH
hchv17:05:019:V0Set,1773,1773,0,MATCH
hchv17:05:019:VMon,1772.9,1772.84,0.06,MATCH
hchv17:05:020:IMon,880.48,880.1,0.38,MATCH
hchv17:05:020:V0Set,1950,1950,0,MATCH
hchv17:05:020:VMon,1949.67,1949.7,-0.03,MATCH
hchv17:05:021:IMon,711.88,711.37,0.51,MATCH
hchv17:05:021:V0Set,1750,1750,0,MATCH
hchv17:05:021:VMon,1749.86,1749.95,-0.09,MATCH
hchv17:05:022:IMon,782.37,781.91,0.46,MATCH
hchv17:05:022:V0Set,1823,1823,0,MATCH
hchv17:05:022:VMon,1822.79,1822.85,-0.06,MATCH
hchv17:05:023:IMon,791.71,791.42,0.29,MATCH
hchv17:05:023:V0Set,1845,1845,0,MATCH
hchv17:05:023:VMon,1844.83,1844.9,-0.07,MATCH
hchv17:08:000:IMon,738.74,738.61,0.13,MATCH
hchv17:08:000:V0Set,1780,1780,0,MATCH
hchv17:08:000:VMon,1779.96,1779.94,0.02,MATCH
hchv17:08:001:IMon,685.24,685.23,0.01,MATCH
hchv17:08:001:V0Set,1702,1702,0,MATCH
hchv17:08:001:VMon,1701.91,1701.88,0.03,MATCH
hchv17:08:002:IMon,723.51,723.44,0.07,MATCH
hchv17:08:002:V0Set,1765,1765,0,MATCH
hchv17:08:002:VMon,1764.97,1764.98,-0.01,MATCH
hchv17:08:003:IMon,691.32,691.45,-0.13,MATCH
hchv17:08:003:V0Set,1720,1720,0,MATCH
hchv17:08:003:VMon,1719.86,1719.84,0.02,MATCH
hchv17:08:004:IMon,726.59,725.49,1.10,MATCH
hchv17:08:004:V0Set,1750,1750,0,MATCH
hchv17:08:004:VMon,1750.03,1749.49,0.54,MATCH
hchv17:08:005:IMon,711.83,711.34,0.49,MATCH
hchv17:08:005:V0Set,1740,1740,0,MATCH
hchv17:08:005:VMon,1739.68,1739.69,-0.01,MATCH
hchv17:08:006:IMon,724.08,723.42,0.66,MATCH
hchv17:08:006:V0Set,1765,1765,0,MATCH
hchv17:08:006:VMon,1764.73,1764.71,0.02,MATCH
hchv17:08:007:IMon,722.03,721.46,0.57,MATCH
hchv17:08:007:V0Set,1755,1755,0,MATCH
hchv17:08:007:VMon,1754.87,1754.86,0.01,MATCH
hchv17:08:008:IMon,863.84,862.96,0.88,MATCH
hchv17:08:008:V0Set,1920,1920,0,MATCH
hchv17:08:008:VMon,1919.78,1919.76,0.02,MATCH
hchv17:08:009:IMon,726.21,725.27,0.94,MATCH
hchv17:08:009:V0Set,1760,1760,0,MATCH
hchv17:08:009:VMon,1759.88,1759.86,0.02,MATCH
hchv17:08:010:IMon,831.44,831.5,-0.06,MATCH
hchv17:08:010:V0Set,1865,1865,0,MATCH
hchv17:08:010:VMon,1864.73,1864.7,0.03,MATCH
hchv17:08:011:IMon,798.04,798.17,-0.13,MATCH
hchv17:08:011:V0Set,1848,1848,0,MATCH
hchv17:08:011:VMon,1847.87,1847.85,0.02,MATCH
hchv17:08:012:IMon,707.49,707.03,0.46,MATCH
hchv17:08:012:V0Set,1735,1735,0,MATCH
hchv17:08:012:VMon,1735.02,1734.89,0.13,MATCH
hchv17:08:013:IMon,711.37,710.89,0.48,MATCH
hchv17:08:013:V0Set,1734,1734,0,MATCH
hchv17:08:013:VMon,1733.81,1733.72,0.09,MATCH
hchv17:08:014:IMon,687.9,687.45,0.45,MATCH
hchv17:08:014:V0Set,1725,1725,0,MATCH
hchv17:08:014:VMon,1725.01,1724.89,0.12,MATCH
hchv17:08:015:IMon,671.59,671.17,0.42,MATCH
hchv17:08:015:V0Set,1695,1695,0,MATCH
hchv17:08:015:VMon,1695.02,1694.91,0.11,MATCH
hchv17:08:016:IMon,695.86,695.3,0.56,MATCH
hchv17:08:016:V0Set,1735,1735,0,MATCH
hchv17:08:016:VMon,1734.98,1734.97,0.01,MATCH
hchv17:08:017:IMon,753.36,752.94,0.42,MATCH
hchv17:08:017:V0Set,1800,1800,0,MATCH
hchv17:08:017:VMon,1799.83,1799.81,0.02,MATCH
hchv17:08:018:IMon,699.1,698.56,0.54,MATCH
hchv17:08:018:V0Set,1733,1733,0,MATCH
hchv17:08:018:VMon,1732.83,1732.82,0.01,MATCH
hchv17:08:019:IMon,696.05,695.73,0.32,MATCH
hchv17:08:019:V0Set,1724,1724,0,MATCH
hchv17:08:019:VMon,1723.9,1723.87,0.03,MATCH
hchv17:08:020:IMon,747.96,747.45,0.51,MATCH
hchv17:08:020:V0Set,1785,1785,0,MATCH
hchv17:08:020:VMon,1784.86,1784.89,-0.03,MATCH
hchv17:08:021:IMon,708.54,707.99,0.55,MATCH
hchv17:08:021:V0Set,1736,1736,0,MATCH
hchv17:08:021:VMon,1735.91,1735.88,0.03,MATCH
hchv17:08:022:IMon,773.06,772.87,0.19,MATCH
hchv17:08:022:V0Set,1805,1805,0,MATCH
hchv17:08:022:VMon,1804.74,1804.74,0.00,MATCH
hchv17:08:023:IMon,690.3,689.79,0.51,MATCH
hchv17:08:023:V0Set,1720,1720,0,MATCH
hchv17:08:023:VMon,1719.87,1719.88,-0.01,MATCH
hchv17:11:000:IMon,0.09,0.11,-0.02,MATCH
hchv17:11:000:V0Set,1926,1926,0,MATCH
hchv17:11:000:VMon,1926.02,1926.03,-0.01,MATCH
hchv17:11:001:IMon,-0.26,-0.06,-0.20,MATCH
hchv17:11:001:V0Set,1926,1926,0,MATCH
hchv17:11:001:VMon,1926.07,1926.06,0.01,MATCH
hchv17:11:002:IMon,-0.19,-0.19,0.00,MATCH
hchv17:11:002:V0Set,1926,1926,0,MATCH
hchv17:11:002:VMon,1926.16,1926.16,0.00,MATCH
hchv17:11:003:IMon,-0.25,-0.03,-0.22,MATCH
hchv17:11:003:V0Set,1926,1926,0,MATCH
hchv17:11:003:VMon,1926.12,1926.12,0.00,MATCH
hchv17:11:008:IMon,808.5,808.12,0.38,MATCH
hchv17:11:008:V0Set,1860,1860,0,MATCH
hchv17:11:008:VMon,1859.89,1859.86,0.03,MATCH
hchv17:11:009:IMon,754.92,754.41,0.51,MATCH
hchv17:11:009:V0Set,1800,1800,0,MATCH
hchv17:11:009:VMon,1799.84,1799.81,0.03,MATCH
hchv17:11:010:IMon,858.79,858.06,0.73,MATCH
hchv17:11:010:V0Set,1920,1920,0,MATCH
hchv17:11:010:VMon,1919.82,1919.79,0.03,MATCH
hchv17:11:011:IMon,750.31,749.86,0.45,MATCH
hchv17:11:011:V0Set,1785,1785,0,MATCH
hchv17:11:011:VMon,1784.81,1784.79,0.02,MATCH
hchv17:11:020:IMon,803.75,803.33,0.42,MATCH
hchv17:11:020:V0Set,1869,1869,0,MATCH
hchv17:11:020:VMon,1869.04,1868.94,0.10,MATCH
hchv17:11:021:IMon,862.18,861.73,0.45,MATCH
hchv17:11:021:V0Set,1935,1935,0,MATCH
hchv17:11:021:VMon,1935.09,1934.88,0.21,MATCH
hchv17:11:022:IMon,723.22,723.09,0.13,MATCH
hchv17:11:022:V0Set,1755,1755,0,MATCH
hchv17:11:022:VMon,1754.9,1754.82,0.08,MATCH
hchv17:11:023:IMon,816.6,816.65,-0.05,MATCH
hchv17:11:023:V0Set,1872,1872,0,MATCH
hchv17:11:023:VMon,1871.97,1871.91,0.06,MATCH
hchv17:14:000:IMon,691.67,691.21,0.46,MATCH
hchv17:14:000:V0Set,1710,1710,0,MATCH
hchv17:14:000:VMon,1709.83,1709.81,0.02,MATCH
hchv17:14:001:IMon,716.07,715.92,0.15,MATCH
hchv17:14:001:V0Set,1745,1745,0,MATCH
hchv17:14:001:VMon,1745.09,1745.07,0.02,MATCH
hchv17:14:002:IMon,743.77,743.54,0.23,MATCH
hchv17:14:002:V0Set,1780,1780,0,MATCH
hchv17:14:002:VMon,1779.92,1779.9,0.02,MATCH
hchv17:14:003:IMon,694.52,694.41,0.11,MATCH
hchv17:14:003:V0Set,1726,1726,0,MATCH
hchv17:14:003:VMon,1725.83,1725.8,0.03,MATCH
hchv17:14:004:IMon,739.72,739.32,0.40,MATCH
hchv17:14:004:V0Set,1775,1775,0,MATCH
hchv17:14:004:VMon,1774.93,1774.9,0.03,MATCH
hchv17:14:005:IMon,675.96,675.49,0.47,MATCH
hchv17:14:005:V0Set,1695,1695,0,MATCH
hchv17:14:005:VMon,1694.89,1694.85,0.04,MATCH
hchv17:14:006:IMon,758.68,758.13,0.55,MATCH
hchv17:14:006:V0Set,1800,1800,0,MATCH
hchv17:14:006:VMon,1799.97,1799.91,0.06,MATCH
hchv17:14:007:IMon,701.27,700.68,0.59,MATCH
hchv17:14:007:V0Set,1735,1735,0,MATCH
hchv17:14:007:VMon,1734.77,1734.76,0.01,MATCH
hchv17:14:008:IMon,723.97,723.07,0.90,MATCH
hchv17:14:008:V0Set,1760,1760,0,MATCH
hchv17:14:008:VMon,1759.8,1759.75,0.05,MATCH
hchv17:14:009:IMon,778.81,778.09,0.72,MATCH
hchv17:14:009:V0Set,1815,1815,0,MATCH
hchv17:14:009:VMon,1814.82,1814.83,-0.01,MATCH
hchv17:14:010:IMon,650.74,651.01,-0.27,MATCH
hchv17:14:010:V0Set,1675,1675,0,MATCH
hchv17:14:010:VMon,1674.91,1674.88,0.03,MATCH
hchv17:14:011:IMon,768.12,768.26,-0.14,MATCH
hchv17:14:011:V0Set,1810,1810,0,MATCH
hchv17:14:011:VMon,1809.78,1809.78,0.00,MATCH
hchv17:14:012:IMon,753.28,753.08,0.20,MATCH
hchv17:14:012:V0Set,1790,1790,0,MATCH
hchv17:14:012:VMon,1789.68,1789.63,0.05,MATCH
hchv17:14:013:IMon,717.12,716.73,0.39,MATCH
hchv17:14:013:V0Set,1750,1750,0,MATCH
hchv17:14:013:VMon,1749.89,1749.81,0.08,MATCH
hchv17:14:014:IMon,801.24,800.94,0.30,MATCH
hchv17:14:014:V0Set,1850,1850,0,MATCH
hchv17:14:014:VMon,1849.81,1849.76,0.05,MATCH
hchv17:14:015:IMon,726.86,726.46,0.40,MATCH
hchv17:14:015:V0Set,1769,1769,0,MATCH
hchv17:14:015:VMon,1768.93,1768.85,0.08,MATCH
hchv17:14:016:IMon,778.42,778.08,0.34,MATCH
hchv17:14:016:V0Set,1823,1823,0,MATCH
hchv17:14:016:VMon,1822.92,1822.91,0.01,MATCH
hchv17:14:017:IMon,744.38,744.03,0.35,MATCH
hchv17:14:017:V0Set,1781,1781,0,MATCH
hchv17:14:017:VMon,1781.03,1781.01,0.02,MATCH
hchv17:14:018:IMon,820.41,820.17,0.24,MATCH
hchv17:14:018:V0Set,1877,1877,0,MATCH
hchv17:14:018:VMon,1876.8,1876.81,-0.01,MATCH
hchv17:14:019:IMon,736.82,736.47,0.35,MATCH
hchv17:14:019:V0Set,1760,1760,0,MATCH
hchv17:14:019:VMon,1760.04,1760.05,-0.01,MATCH
hchv17:14:020:IMon,778.82,778.37,0.45,MATCH
hchv17:14:020:V0Set,1840,1840,0,MATCH
hchv17:14:020:VMon,1839.71,1839.72,-0.01,MATCH
hchv17:14:021:IMon,820.29,819.85,0.44,MATCH
hchv17:14:021:V0Set,1870,1870,0,MATCH
hchv17:14:021:VMon,1869.83,1869.86,-0.03,MATCH
hchv17:14:022:IMon,825.5,825.69,-0.19,MATCH
hchv17:14:022:V0Set,1871,1871,0,MATCH
hchv17:14:022:VMon,1870.65,1870.68,-0.03,MATCH
hchv17:14:023:IMon,798.78,798.82,-0.04,MATCH
hchv17:14:023:V0Set,1841,1841,0,MATCH
hchv17:14:023:VMon,1840.9,1840.93,-0.03,MATCH
