mode,group_id,tier_tag,curve_label_raw,plot_label,setting_id,pt_bin,z_bin,phi_bin,pt_lo,pt_hi,pt_center,z_lo,z_hi,z_center,phi_center,xsec,xsec_err,rel_xsec_err,n_sim,flag_bits,valid_default,is_plotted,plot_drop_reason,is_used_in_fit,fit_excl_reason,fit_tier,valid_fit_default,y_fit,residual,pull,attempts,note
group,grp_LH2_zOv_x0p25_Q23p3_tpq2p0,tierOn,z0p36,z = 0.36,pass4/pi+sidis/LH2/z0p36/x0p25/q23p3/hmsPneg1p531_shmsP2p615_hmsTh29p045_shmsTh7p865_thpq2,0,0,0,0,0.1,0.05,0,1,0.5,0.19635,0.0010735,0.000583904,0.543925,60,256,0,0,VALID_DEFAULT0,0,,2,1,0.0079605,-0.006887,-11.7947,t2:ok_or_best,
group,grp_LH2_zOv_x0p25_Q23p3_tpq2p0,tierOn,z0p36,z = 0.36,pass4/pi+sidis/LH2/z0p36/x0p25/q23p3/hmsPneg1p531_shmsP2p615_hmsTh29p045_shmsTh7p865_thpq2,0,0,1,0,0.1,0.05,0,1,0.5,0.589049,0.00232804,0.00109195,0.469043,45,2,0,0,VALID_DEFAULT0,0,,2,1,0.00716747,-0.00483943,-4.43192,t2:ok_or_best,
group,grp_LH2_zOv_x0p25_Q23p3_tpq2p0,tierOn,z0p36,z = 0.36,pass4/pi+sidis/LH2/z0p36/x0p25/q23p3/hmsPneg1p531_shmsP2p615_hmsTh29p045_shmsTh7p865_thpq2,0,0,2,0,0.1,0.05,0,1,0.5,0.981748,0.000942229,0.000649812,0.689654,83,256,0,0,VALID_DEFAULT0,0,,2,1,0.00586753,-0.0049253,-7.57957,t2:ok_or_best,
group,grp_LH2_zOv_x0p25_Q23p3_tpq2p0,tierOn,z0p36,z = 0.36,pass4/pi+sidis/LH2/z0p36/x0p25/q23p3/hmsPneg1p531_shmsP2p615_hmsTh29p045_shmsTh7p865_thpq2,0,0,3,0,0.1,0.05,0,1,0.5,1.37445,0.00415592,0.0012029,0.289442,110,0,1,1,,1,FIT_INCLUDED,2,1,0.00449245,-0.000336527,-0.279763,t2:ok_or_best,
group,grp_LH2_zOv_x0p25_Q23p3_tpq2p0,tierOn,z0p36,z = 0.36,pass4/pi+sidis/LH2/z0p36/x0p25/q23p3/hmsPneg1p531_shmsP2p615_hmsTh29p045_shmsTh7p865_thpq2,0,0,4,0,0.1,0.05,0,1,0.5,1.76715,0.00346927,0.00047118,0.135815,547,0,1,1,,1,FIT_INCLUDED,2,1,0.00341697,5.22961e-05,0.11099,t2:ok_or_best,
group,grp_LH2_zOv_x0p25_Q23p3_tpq2p0,tierOn,z0p36,z = 0.36,pass4/pi+sidis/LH2/z0p36/x0p25/q23p3/hmsPneg1p531_shmsP2p615_hmsTh29p045_shmsTh7p865_thpq2,0,0,5,0,0.1,0.05,0,1,0.5,2.15984,0.00294154,0.000244825,0.0832302,1384,0,1,1,,1,FIT_INCLUDED,2,1,0.00280484,0.0001367,0.558358,t2:ok_or_best,
group,grp_LH2_zOv_x0p25_Q23p3_tpq2p0,tierOn,z0p36,z = 0.36,pass4/pi+sidis/LH2/z0p36/x0p25/q23p3/hmsPneg1p531_shmsP2p615_hmsTh29p045_shmsTh7p865_thpq2,0,0,6,0,0.1,0.05,0,1,0.5,2.55254,0.00258127,0.000171514,0.0664457,2103,0,1,1,,1,FIT_INCLUDED,2,1,0.00258383,-2.55848e-06,-0.0149171,t2:ok_or_best,
group,grp_LH2_zOv_x0p25_Q23p3_tpq2p0,tierOn,z0p36,z = 0.36,pass4/pi+sidis/LH2/z0p36/x0p25/q23p3/hmsPneg1p531_shmsP2p615_hmsTh29p045_shmsTh7p865_thpq2,0,0,7,0,0.1,0.05,0,1,0.5,2.94524,0.00265003,0.000163366,0.0616468,2370,0,1,1,,1,FIT_INCLUDED,2,1,0.00255372,9.63074e-05,0.589519,t2:ok_or_best,
group,grp_LH2_zOv_x0p25_Q23p3_tpq2p0,tierOn,z0p36,z = 0.36,pass4/pi+sidis/LH2/z0p36/x0p25/q23p3/hmsPneg1p531_shmsP2p615_hmsTh29p045_shmsTh7p865_thpq2,0,0,8,0,0.1,0.05,0,1,0.5,3.33794,0.00248851,0.000165544,0.0665234,2293,0,1,1,,1,FIT_INCLUDED,2,1,0.00255372,-6.52126e-05,-0.393929,t2:ok_or_best,
group,grp_LH2_zOv_x0p25_Q23p3_tpq2p0,tierOn,z0p36,z = 0.36,pass4/pi+sidis/LH2/z0p36/x0p25/q23p3/hmsPneg1p531_shmsP2p615_hmsTh29p045_shmsTh7p865_thpq2,0,0,9,0,0.1,0.05,0,1,0.5,3.73064,0.00247965,0.000186219,0.0750992,2059,0,1,1,,1,FIT_INCLUDED,2,1,0.00258383,-0.000104177,-0.559434,t2:ok_or_best,
group,grp_LH2_zOv_x0p25_Q23p3_tpq2p0,tierOn,z0p36,z = 0.36,pass4/pi+sidis/LH2/z0p36/x0p25/q23p3/hmsPneg1p531_shmsP2p615_hmsTh29p045_shmsTh7p865_thpq2,0,0,10,0,0.1,0.05,0,1,0.5,4.12334,0.00285663,0.000228366,0.0799423,1476,0,1,1,,1,FIT_INCLUDED,2,1,0.00280483,5.17952e-05,0.226808,t2:ok_or_best,
group,grp_LH2_zOv_x0p25_Q23p3_tpq2p0,tierOn,z0p36,z = 0.36,pass4/pi+sidis/LH2/z0p36/x0p25/q23p3/hmsPneg1p531_shmsP2p615_hmsTh29p045_shmsTh7p865_thpq2,0,0,11,0,0.1,0.05,0,1,0.5,4.51604,0.00301863,0.000435749,0.144353,551,0,1,1,,1,FIT_INCLUDED,2,1,0.00341698,-0.000398354,-0.914182,t2:ok_or_best,
group,grp_LH2_zOv_x0p25_Q23p3_tpq2p0,tierOn,z0p36,z = 0.36,pass4/pi+sidis/LH2/z0p36/x0p25/q23p3/hmsPneg1p531_shmsP2p615_hmsTh29p045_shmsTh7p865_thpq2,0,0,12,0,0.1,0.05,0,1,0.5,4.90874,0.00522191,0.00103111,0.197459,141,0,1,1,,1,FIT_INCLUDED,2,1,0.00449246,0.000729448,0.707439,t2:ok_or_best,
group,grp_LH2_zOv_x0p25_Q23p3_tpq2p0,tierOn,z0p36,z = 0.36,pass4/pi+sidis/LH2/z0p36/x0p25/q23p3/hmsPneg1p531_shmsP2p615_hmsTh29p045_shmsTh7p865_thpq2,0,0,13,0,0.1,0.05,0,1,0.5,5.30144,0.00126589,0.00104939,0.828975,82,256,0,0,VALID_DEFAULT0,0,,2,1,0.00586754,-0.00460165,-4.38507,t2:ok_or_best,
group,grp_LH2_zOv_x0p25_Q23p3_tpq2p0,tierOn,z0p36,z = 0.36,pass4/pi+sidis/LH2/z0p36/x0p25/q23p3/hmsPneg1p531_shmsP2p615_hmsTh29p045_shmsTh7p865_thpq2,0,0,14,0,0.1,0.05,0,1,0.5,5.69414,0.000820119,0.000946547,1.15416,54,258,0,0,VALID_DEFAULT0,0,,2,1,0.00716748,-0.00634736,-6.70581,t2:ok_or_best,
group,grp_LH2_zOv_x0p25_Q23p3_tpq2p0,tierOn,z0p36,z = 0.36,pass4/pi+sidis/LH2/z0p36/x0p25/q23p3/hmsPneg1p531_shmsP2p615_hmsTh29p045_shmsTh7p865_thpq2,0,0,15,0,0.1,0.05,0,1,0.5,6.08684,0.00179643,0.000843095,0.469317,49,2,0,0,VALID_DEFAULT0,0,,2,1,0.0079605,-0.00616407,-7.31124,t2:ok_or_best,
group,grp_LH2_zOv_x0p25_Q23p3_tpq2p0,tierOn,z0p36,z = 0.36,pass4/pi+sidis/LH2/z0p36/x0p25/q23p3/hmsPneg1p531_shmsP2p615_hmsTh29p045_shmsTh7p865_thpq2,1,0,0,0.1,0.2,0.15,0,1,0.5,0.19635,0.00061107,0.00078575,1.28586,18,258,0,0,VALID_DEFAULT0,0,,2,1,0.00674103,-0.00612996,-7.80141,t2:ok_or_best,
group,grp_LH2_zOv_x0p25_Q23p3_tpq2p0,tierOn,z0p36,z = 0.36,pass4/pi+sidis/LH2/z0p36/x0p25/q23p3/hmsPneg1p531_shmsP2p615_hmsTh29p045_shmsTh7p865_thpq2,1,0,1,0.1,0.2,0.15,0,1,0.5,0.589049,0.000228876,0.000466839,2.0397,28,258,0,0,VALID_DEFAULT0,0,,2,1,0.0061728,-0.00594392,-12.7323,t2:ok_or_best,
group,grp_LH2_zOv_x0p25_Q23p3_tpq2p0,tierOn,z0p36,z = 0.36,pass4/pi+sidis/LH2/z0p36/x0p25/q23p3/hmsPneg1p531_shmsP2p615_hmsTh29p045_shmsTh7p865_thpq2,1,0,2,0.1,0.2,0.15,0,1,0.5,0.981748,0.00165442,0.000824438,0.498323,61,2,0,0,VALID_DEFAULT0,0,,2,1,0.00522593,-0.00357151,-4.33206,t2:ok_or_best,
group,grp_LH2_zOv_x0p25_Q23p3_tpq2p0,tierOn,z0p36,z = 0.36,pass4/pi+sidis/LH2/z0p36/x0p25/q23p3/hmsPneg1p531_shmsP2p615_hmsTh29p045_shmsTh7p865_thpq2,1,0,3,0.1,0.2,0.15,0,1,0.5,1.37445,0.00501498,0.00148661,0.296433,94,0,1,1,,1,FIT_INCLUDED,2,1,0.00419036,0.000824617,0.554696,t2:ok_or_best,
group,grp_LH2_zOv_x0p25_Q23p3_tpq2p0,tierOn,z0p36,z = 0.36,pass4/pi+sidis/LH2/z0p36/x0p25/q23p3/hmsPneg1p531_shmsP2p615_hmsTh29p045_shmsTh7p865_thpq2,1,0,4,0.1,0.2,0.15,0,1,0.5,1.76715,0.00393248,0.00046779,0.118956,549,0,1,1,,1,FIT_INCLUDED,2,1,0.00332685,0.000605629,1.29466,t2:ok_or_best,
group,grp_LH2_zOv_x0p25_Q23p3_tpq2p0,tierOn,z0p36,z = 0.36,pass4/pi+sidis/LH2/z0p36/x0p25/q23p3/hmsPneg1p531_shmsP2p615_hmsTh29p045_shmsTh7p865_thpq2,1,0,5,0.1,0.2,0.15,0,1,0.5,2.15984,0.00284987,0.000191143,0.0670709,2166,0,1,1,,1,FIT_INCLUDED,2,1,0.00276686,8.301e-05,0.434282,t2:ok_or_best,
group,grp_LH2_zOv_x0p25_Q23p3_tpq2p0,tierOn,z0p36,z = 0.36,pass4/pi+sidis/LH2/z0p36/x0p25/q23p3/hmsPneg1p531_shmsP2p615_hmsTh29p045_shmsTh7p865_thpq2,1,0,6,0.1,0.2,0.15,0,1,0.5,2.55254,0.00249884,0.000126714,0.050709,3989,0,1,1,,1,FIT_INCLUDED,2,1,0.00249253,6.30939e-06,0.0497924,t2:ok_or_best,
group,grp_LH2_zOv_x0p25_Q23p3_tpq2p0,tierOn,z0p36,z = 0.36,pass4/pi+sidis/LH2/z0p36/x0p25/q23p3/hmsPneg1p531_shmsP2p615_hmsTh29p045_shmsTh7p865_thpq2,1,0,7,0.1,0.2,0.15,0,1,0.5,2.94524,0.00235115,0.000107387,0.0456742,4991,0,1,1,,1,FIT_INCLUDED,2,1,0.00239986,-4.87059e-05,-0.453555,t2:ok_or_best,
group,grp_LH2_zOv_x0p25_Q23p3_tpq2p0,tierOn,z0p36,z = 0.36,pass4/pi+sidis/LH2/z0p36/x0p25/q23p3/hmsPneg1p531_shmsP2p615_hmsTh29p045_shmsTh7p865_thpq2,1,0,8,0.1,0.2,0.15,0,1,0.5,3.33794,0.00244755,0.000107189,0.0437946,5078,0,1,1,,1,FIT_INCLUDED,2,1,0.00239986,4.76946e-05,0.444958,t2:ok_or_best,
group,grp_LH2_zOv_x0p25_Q23p3_tpq2p0,tierOn,z0p36,z = 0.36,pass4/pi+sidis/LH2/z0p36/x0p25/q23p3/hmsPneg1p531_shmsP2p615_hmsTh29p045_shmsTh7p865_thpq2,1,0,9,0.1,0.2,0.15,0,1,0.5,3.73064,0.00249639,0.000106013,0.0424665,5196,0,1,1,,1,FIT_INCLUDED,2,1,0.00249253,3.86161e-06,0.0364258,t2:ok_or_best,
group,grp_LH2_zOv_x0p25_Q23p3_tpq2p0,tierOn,z0p36,z = 0.36,pass4/pi+sidis/LH2/z0p36/x0p25/q23p3/hmsPneg1p531_shmsP2p615_hmsTh29p045_shmsTh7p865_thpq2,1,0,10,0.1,0.2,0.15,0,1,0.5,4.12334,0.00269083,0.000141348,0.0525293,3418,0,1,1,,1,FIT_INCLUDED,2,1,0.00276685,-7.60245e-05,-0.537853,t2:ok_or_best,
group,grp_LH2_zOv_x0p25_Q23p3_tpq2p0,tierOn,z0p36,z = 0.36,pass4/pi+sidis/LH2/z0p36/x0p25/q23p3/hmsPneg1p531_shmsP2p615_hmsTh29p045_shmsTh7p865_thpq2,1,0,11,0.1,0.2,0.15,0,1,0.5,4.51604,0.0031846,0.000303729,0.0953743,853,0,1,1,,1,FIT_INCLUDED,2,1,0.00332686,-0.000142259,-0.468375,t2:ok_or_best,
group,grp_LH2_zOv_x0p25_Q23p3_tpq2p0,tierOn,z0p36,z = 0.36,pass4/pi+sidis/LH2/z0p36/x0p25/q23p3/hmsPneg1p531_shmsP2p615_hmsTh29p045_shmsTh7p865_thpq2,1,0,12,0.1,0.2,0.15,0,1,0.5,4.90874,0.00359283,0.000903826,0.251564,117,0,1,1,,1,FIT_INCLUDED,2,1,0.00419038,-0.000597545,-0.661128,t2:ok_or_best,
group,grp_LH2_zOv_x0p25_Q23p3_tpq2p0,tierOn,z0p36,z = 0.36,pass4/pi+sidis/LH2/z0p36/x0p25/q23p3/hmsPneg1p531_shmsP2p615_hmsTh29p045_shmsTh7p865_thpq2,1,0,13,0.1,0.2,0.15,0,1,0.5,5.30144,0.00152797,0.000712076,0.466029,56,2,0,0,VALID_DEFAULT0,0,,2,1,0.00522594,-0.00369797,-5.19322,t2:ok_or_best,
group,grp_LH2_zOv_x0p25_Q23p3_tpq2p0,tierOn,z0p36,z = 0.36,pass4/pi+sidis/LH2/z0p36/x0p25/q23p3/hmsPneg1p531_shmsP2p615_hmsTh29p045_shmsTh7p865_thpq2,1,0,14,0.1,0.2,0.15,0,1,0.5,5.69414,-7.01972e-05,0.000306727,4.3695,39,394,0,0,VALID_DEFAULT0,0,,2,1,0.00617281,-0.006243,-20.3536,t2:ok_or_best,
group,grp_LH2_zOv_x0p25_Q23p3_tpq2p0,tierOn,z0p36,z = 0.36,pass4/pi+sidis/LH2/z0p36/x0p25/q23p3/hmsPneg1p531_shmsP2p615_hmsTh29p045_shmsTh7p865_thpq2,1,0,15,0.1,0.2,0.15,0,1,0.5,6.08684,6.60944e-05,0.000288657,4.36735,34,258,0,0,VALID_DEFAULT0,0,,2,1,0.00674103,-0.00667494,-23.1241,t2:ok_or_best,
group,grp_LH2_zOv_x0p25_Q23p3_tpq2p0,tierOn,z0p36,z = 0.36,pass4/pi+sidis/LH2/z0p36/x0p25/q23p3/hmsPneg1p531_shmsP2p615_hmsTh29p045_shmsTh7p865_thpq2,2,0,0,0.2,0.3,0.25,0,1,0.5,0.19635,-999,-999,-999,0,1027,0,0,NONFINITE_XSEC,0,,1,1,0.00690733,-999,-999,t1:ok_or_best,
group,grp_LH2_zOv_x0p25_Q23p3_tpq2p0,tierOn,z0p36,z = 0.36,pass4/pi+sidis/LH2/z0p36/x0p25/q23p3/hmsPneg1p531_shmsP2p615_hmsTh29p045_shmsTh7p865_thpq2,2,0,1,0.2,0.3,0.25,0,1,0.5,0.589049,-999,-999,-999,0,1027,0,0,NONFINITE_XSEC,0,,1,1,0.00649912,-999,-999,t1:ok_or_best,
group,grp_LH2_zOv_x0p25_Q23p3_tpq2p0,tierOn,z0p36,z = 0.36,pass4/pi+sidis/LH2/z0p36/x0p25/q23p3/hmsPneg1p531_shmsP2p615_hmsTh29p045_shmsTh7p865_thpq2,2,0,2,0.2,0.3,0.25,0,1,0.5,0.981748,0.00496987,0.00440376,0.88609,8,262,0,0,VALID_DEFAULT0,0,,1,1,0.00574486,-0.000774987,-0.175983,t1:ok_or_best,
group,grp_LH2_zOv_x0p25_Q23p3_tpq2p0,tierOn,z0p36,z = 0.36,pass4/pi+sidis/LH2/z0p36/x0p25/q23p3/hmsPneg1p531_shmsP2p615_hmsTh29p045_shmsTh7p865_thpq2,2,0,3,0.2,0.3,0.25,0,1,0.5,1.37445,0.0160416,0.00794761,0.495436,17,6,0,0,VALID_DEFAULT0,0,,1,1,0.00475935,0.0112822,1.41958,t1:ok_or_best,
group,grp_LH2_zOv_x0p25_Q23p3_tpq2p0,tierOn,z0p36,z = 0.36,pass4/pi+sidis/LH2/z0p36/x0p25/q23p3/hmsPneg1p531_shmsP2p615_hmsTh29p045_shmsTh7p865_thpq2,2,0,4,0.2,0.3,0.25,0,1,0.5,1.76715,0.0155084,0.00532633,0.343449,32,2,0,0,VALID_DEFAULT0,0,,1,1,0.00369265,0.0118157,2.21837,t1:ok_or_best,
group,grp_LH2_zOv_x0p25_Q23p3_tpq2p0,tierOn,z0p36,z = 0.36,pass4/pi+sidis/LH2/z0p36/x0p25/q23p3/hmsPneg1p531_shmsP2p615_hmsTh29p045_shmsTh7p865_thpq2,2,0,5,0.2,0.3,0.25,0,1,0.5,2.15984,0.0106791,0.00244293,0.228758,74,2,0,0,VALID_DEFAULT0,0,,1,1,0.00270718,0.00797192,3.26326,t1:ok_or_best,
group,grp_LH2_zOv_x0p25_Q23p3_tpq2p0,tierOn,z0p36,z = 0.36,pass4/pi+sidis/LH2/z0p36/x0p25/q23p3/hmsPneg1p531_shmsP2p615_hmsTh29p045_shmsTh7p865_thpq2,2,0,6,0.2,0.3,0.25,0,1,0.5,2.55254,0.00274397,0.000523811,0.190895,290,0,1,1,,1,FIT_INCLUDED,1,1,0.0019529,0.000791066,1.51021,t1:ok_or_best,
group,grp_LH2_zOv_x0p25_Q23p3_tpq2p0,tierOn,z0p36,z = 0.36,pass4/pi+sidis/LH2/z0p36/x0p25/q23p3/hmsPneg1p531_shmsP2p615_hmsTh29p045_shmsTh7p865_thpq2,2,0,7,0.2,0.3,0.25,0,1,0.5,2.94524,0.00148197,0.000277255,0.187086,560,0,1,1,,1,FIT_INCLUDED,1,1,0.00154469,-6.27232e-05,-0.226229,t1:ok_or_best,
group,grp_LH2_zOv_x0p25_Q23p3_tpq2p0,tierOn,z0p36,z = 0.36,pass4/pi+sidis/LH2/z0p36/x0p25/q23p3/hmsPneg1p531_shmsP2p615_hmsTh29p045_shmsTh7p865_thpq2,2,0,8,0.2,0.3,0.25,0,1,0.5,3.33794,0.0013895,0.000208558,0.150096,737,0,1,1,,1,FIT_INCLUDED,1,1,0.00154469,-0.00015519,-0.744111,t1:ok_or_best,
group,grp_LH2_zOv_x0p25_Q23p3_tpq2p0,tierOn,z0p36,z = 0.36,pass4/pi+sidis/LH2/z0p36/x0p25/q23p3/hmsPneg1p531_shmsP2p615_hmsTh29p045_shmsTh7p865_thpq2,2,0,9,0.2,0.3,0.25,0,1,0.5,3.73064,0.00229535,0.000297378,0.129557,694,0,1,1,,1,FIT_INCLUDED,1,1,0.0019529,0.000342454,1.15158,t1:ok_or_best,
group,grp_LH2_zOv_x0p25_Q23p3_tpq2p0,tierOn,z0p36,z = 0.36,pass4/pi+sidis/LH2/z0p36/x0p25/q23p3/hmsPneg1p531_shmsP2p615_hmsTh29p045_shmsTh7p865_thpq2,2,0,10,0.2,0.3,0.25,0,1,0.5,4.12334,0.00225002,0.000439012,0.195115,321,0,1,1,,1,FIT_INCLUDED,1,1,0.00270717,-0.000457145,-1.0413,t1:ok_or_best,
group,grp_LH2_zOv_x0p25_Q23p3_tpq2p0,tierOn,z0p36,z = 0.36,pass4/pi+sidis/LH2/z0p36/x0p25/q23p3/hmsPneg1p531_shmsP2p615_hmsTh29p045_shmsTh7p865_thpq2,2,0,11,0.2,0.3,0.25,0,1,0.5,4.51604,0.00429544,0.00154176,0.358929,47,2,0,0,VALID_DEFAULT0,0,,1,1,0.00369267,0.000602775,0.390965,t1:ok_or_best,
group,grp_LH2_zOv_x0p25_Q23p3_tpq2p0,tierOn,z0p36,z = 0.36,pass4/pi+sidis/LH2/z0p36/x0p25/q23p3/hmsPneg1p531_shmsP2p615_hmsTh29p045_shmsTh7p865_thpq2,2,0,12,0.2,0.3,0.25,0,1,0.5,4.90874,0.00437733,0.00275864,0.630211,13,258,0,0,VALID_DEFAULT0,0,,1,1,0.00475936,-0.000382033,-0.138486,t1:ok_or_best,
group,grp_LH2_zOv_x0p25_Q23p3_tpq2p0,tierOn,z0p36,z = 0.36,pass4/pi+sidis/LH2/z0p36/x0p25/q23p3/hmsPneg1p531_shmsP2p615_hmsTh29p045_shmsTh7p865_thpq2,2,0,13,0.2,0.3,0.25,0,1,0.5,5.30144,0.0141472,0.0117812,0.83276,5,262,0,0,VALID_DEFAULT0,0,,1,1,0.00574486,0.00840234,0.713199,t1:ok_or_best,
group,grp_LH2_zOv_x0p25_Q23p3_tpq2p0,tierOn,z0p36,z = 0.36,pass4/pi+sidis/LH2/z0p36/x0p25/q23p3/hmsPneg1p531_shmsP2p615_hmsTh29p045_shmsTh7p865_thpq2,2,0,14,0.2,0.3,0.25,0,1,0.5,5.69414,0.00873938,0.00953294,1.0908,3,262,0,0,VALID_DEFAULT0,0,,1,1,0.00649913,0.00224025,0.235001,t1:ok_or_best,
group,grp_LH2_zOv_x0p25_Q23p3_tpq2p0,tierOn,z0p36,z = 0.36,pass4/pi+sidis/LH2/z0p36/x0p25/q23p3/hmsPneg1p531_shmsP2p615_hmsTh29p045_shmsTh7p865_thpq2,2,0,15,0.2,0.3,0.25,0,1,0.5,6.08684,0.0955511,0.224016,2.34446,1,262,0,0,VALID_DEFAULT0,0,,1,1,0.00690733,0.0886438,0.395703,t1:ok_or_best,
group,grp_LH2_zOv_x0p25_Q23p3_tpq2p0,tierOn,z0p36,z = 0.36,pass4/pi+sidis/LH2/z0p36/x0p25/q23p3/hmsPneg1p531_shmsP2p615_hmsTh29p045_shmsTh7p865_thpq2,3,0,0,0.3,0.4,0.35,0,1,0.5,0.19635,-999,-999,-999,0,1035,0,0,NONFINITE_XSEC,0,,-1,0,-999,-999,-999,,
group,grp_LH2_zOv_x0p25_Q23p3_tpq2p0,tierOn,z0p36,z = 0.36,pass4/pi+sidis/LH2/z0p36/x0p25/q23p3/hmsPneg1p531_shmsP2p615_hmsTh29p045_shmsTh7p865_thpq2,3,0,1,0.3,0.4,0.35,0,1,0.5,0.589049,-999,-999,-999,0,1035,0,0,NONFINITE_XSEC,0,,-1,0,-999,-999,-999,,
group,grp_LH2_zOv_x0p25_Q23p3_tpq2p0,tierOn,z0p36,z = 0.36,pass4/pi+sidis/LH2/z0p36/x0p25/q23p3/hmsPneg1p531_shmsP2p615_hmsTh29p045_shmsTh7p865_thpq2,3,0,2,0.3,0.4,0.35,0,1,0.5,0.981748,-999,-999,-999,0,1027,0,0,NONFINITE_XSEC,0,,-1,0,-999,-999,-999,,
group,grp_LH2_zOv_x0p25_Q23p3_tpq2p0,tierOn,z0p36,z = 0.36,pass4/pi+sidis/LH2/z0p36/x0p25/q23p3/hmsPneg1p531_shmsP2p615_hmsTh29p045_shmsTh7p865_thpq2,3,0,3,0.3,0.4,0.35,0,1,0.5,1.37445,-0.000231566,0.00962526,41.5659,5,398,0,0,VALID_DEFAULT0,0,,-1,0,-999,-999,-999,,
group,grp_LH2_zOv_x0p25_Q23p3_tpq2p0,tierOn,z0p36,z = 0.36,pass4/pi+sidis/LH2/z0p36/x0p25/q23p3/hmsPneg1p531_shmsP2p615_hmsTh29p045_shmsTh7p865_thpq2,3,0,4,0.3,0.4,0.35,0,1,0.5,1.76715,0.0941145,0.125392,1.33234,1,262,0,0,VALID_DEFAULT0,0,,-1,0,-999,-999,-999,,
group,grp_LH2_zOv_x0p25_Q23p3_tpq2p0,tierOn,z0p36,z = 0.36,pass4/pi+sidis/LH2/z0p36/x0p25/q23p3/hmsPneg1p531_shmsP2p615_hmsTh29p045_shmsTh7p865_thpq2,3,0,5,0.3,0.4,0.35,0,1,0.5,2.15984,0.100504,0.110301,1.09747,1,262,0,0,VALID_DEFAULT0,0,,-1,0,-999,-999,-999,,
group,grp_LH2_zOv_x0p25_Q23p3_tpq2p0,tierOn,z0p36,z = 0.36,pass4/pi+sidis/LH2/z0p36/x0p25/q23p3/hmsPneg1p531_shmsP2p615_hmsTh29p045_shmsTh7p865_thpq2,3,0,6,0.3,0.4,0.35,0,1,0.5,2.55254,0.00187603,0.00104159,0.555207,40,258,0,0,VALID_DEFAULT0,0,,-1,0,-999,-999,-999,,
group,grp_LH2_zOv_x0p25_Q23p3_tpq2p0,tierOn,z0p36,z = 0.36,pass4/pi+sidis/LH2/z0p36/x0p25/q23p3/hmsPneg1p531_shmsP2p615_hmsTh29p045_shmsTh7p865_thpq2,3,0,7,0.3,0.4,0.35,0,1,0.5,2.94524,0.000172383,0.000434052,2.51795,69,258,0,0,VALID_DEFAULT0,0,,-1,0,-999,-999,-999,,
group,grp_LH2_zOv_x0p25_Q23p3_tpq2p0,tierOn,z0p36,z = 0.36,pass4/pi+sidis/LH2/z0p36/x0p25/q23p3/hmsPneg1p531_shmsP2p615_hmsTh29p045_shmsTh7p865_thpq2,3,0,8,0.3,0.4,0.35,0,1,0.5,3.33794,0.000483248,0.000608626,1.25945,57,258,0,0,VALID_DEFAULT0,0,,-1,0,-999,-999,-999,,
group,grp_LH2_zOv_x0p25_Q23p3_tpq2p0,tierOn,z0p36,z = 0.36,pass4/pi+sidis/LH2/z0p36/x0p25/q23p3/hmsPneg1p531_shmsP2p615_hmsTh29p045_shmsTh7p865_thpq2,3,0,9,0.3,0.4,0.35,0,1,0.5,3.73064,0.00258086,0.00149798,0.580419,26,258,0,0,VALID_DEFAULT0,0,,-1,0,-999,-999,-999,,
group,grp_LH2_zOv_x0p25_Q23p3_tpq2p0,tierOn,z0p36,z = 0.36,pass4/pi+sidis/LH2/z0p36/x0p25/q23p3/hmsPneg1p531_shmsP2p615_hmsTh29p045_shmsTh7p865_thpq2,3,0,10,0.3,0.4,0.35,0,1,0.5,4.12334,0.144428,0.150389,1.04127,1,262,0,0,VALID_DEFAULT0,0,,-1,0,-999,-999,-999,,
group,grp_LH2_zOv_x0p25_Q23p3_tpq2p0,tierOn,z0p36,z = 0.36,pass4/pi+sidis/LH2/z0p36/x0p25/q23p3/hmsPneg1p531_shmsP2p615_hmsTh29p045_shmsTh7p865_thpq2,3,0,11,0.3,0.4,0.35,0,1,0.5,4.51604,-999,-999,-999,0,1027,0,0,NONFINITE_XSEC,0,,-1,0,-999,-999,-999,,
group,grp_LH2_zOv_x0p25_Q23p3_tpq2p0,tierOn,z0p36,z = 0.36,pass4/pi+sidis/LH2/z0p36/x0p25/q23p3/hmsPneg1p531_shmsP2p615_hmsTh29p045_shmsTh7p865_thpq2,3,0,12,0.3,0.4,0.35,0,1,0.5,4.90874,-999,-999,-999,0,3075,0,0,NONFINITE_XSEC,0,,-1,0,-999,-999,-999,,
group,grp_LH2_zOv_x0p25_Q23p3_tpq2p0,tierOn,z0p36,z = 0.36,pass4/pi+sidis/LH2/z0p36/x0p25/q23p3/hmsPneg1p531_shmsP2p615_hmsTh29p045_shmsTh7p865_thpq2,3,0,13,0.3,0.4,0.35,0,1,0.5,5.30144,-999,-999,-999,0,3075,0,0,NONFINITE_XSEC,0,,-1,0,-999,-999,-999,,
group,grp_LH2_zOv_x0p25_Q23p3_tpq2p0,tierOn,z0p36,z = 0.36,pass4/pi+sidis/LH2/z0p36/x0p25/q23p3/hmsPneg1p531_shmsP2p615_hmsTh29p045_shmsTh7p865_thpq2,3,0,14,0.3,0.4,0.35,0,1,0.5,5.69414,-999,-999,-999,0,1035,0,0,NONFINITE_XSEC,0,,-1,0,-999,-999,-999,,
group,grp_LH2_zOv_x0p25_Q23p3_tpq2p0,tierOn,z0p36,z = 0.36,pass4/pi+sidis/LH2/z0p36/x0p25/q23p3/hmsPneg1p531_shmsP2p615_hmsTh29p045_shmsTh7p865_thpq2,3,0,15,0.3,0.4,0.35,0,1,0.5,6.08684,-999,-999,-999,0,1027,0,0,NONFINITE_XSEC,0,,-1,0,-999,-999,-999,,
group,grp_LH2_zOv_x0p25_Q23p3_tpq2p0,tierOn,z0p50,z = 0.50,pass4/pi+sidis/LH2/z0p5/x0p25/q23p3/hmsPneg1p531_shmsP3p632_hmsTh29p045_shmsTh7p865_thpq2,0,0,0,0,0.1,0.05,0,1,0.5,0.19635,0.00530822,0.00384541,0.724426,6,262,0,0,VALID_DEFAULT0,0,,1,1,0.00461553,0.000692694,0.180135,t1:ok_or_best,
group,grp_LH2_zOv_x0p25_Q23p3_tpq2p0,tierOn,z0p50,z = 0.50,pass4/pi+sidis/LH2/z0p5/x0p25/q23p3/hmsPneg1p531_shmsP3p632_hmsTh29p045_shmsTh7p865_thpq2,0,0,1,0,0.1,0.05,0,1,0.5,0.589049,0.00711291,0.00493864,0.69432,11,262,0,0,VALID_DEFAULT0,0,,1,1,0.00443916,0.00267375,0.541394,t1:ok_or_best,
group,grp_LH2_zOv_x0p25_Q23p3_tpq2p0,tierOn,z0p50,z = 0.50,pass4/pi+sidis/LH2/z0p5/x0p25/q23p3/hmsPneg1p531_shmsP3p632_hmsTh29p045_shmsTh7p865_thpq2,0,0,2,0,0.1,0.05,0,1,0.5,0.981748,0.00787238,0.00372031,0.472577,13,6,0,0,VALID_DEFAULT0,0,,1,1,0.00411327,0.00375911,1.01043,t1:ok_or_best,
group,grp_LH2_zOv_x0p25_Q23p3_tpq2p0,tierOn,z0p50,z = 0.50,pass4/pi+sidis/LH2/z0p5/x0p25/q23p3/hmsPneg1p531_shmsP3p632_hmsTh29p045_shmsTh7p865_thpq2,0,0,3,0,0.1,0.05,0,1,0.5,1.37445,0.0101654,0.0026664,0.2623,42,2,0,0,VALID_DEFAULT0,0,,1,1,0.00368748,0.00647792,2.42946,t1:ok_or_best,
group,grp_LH2_zOv_x0p25_Q23p3_tpq2p0,tierOn,z0p50,z = 0.50,pass4/pi+sidis/LH2/z0p5/x0p25/q23p3/hmsPneg1p531_shmsP3p632_hmsTh29p045_shmsTh7p865_thpq2,0,0,4,0,0.1,0.05,0,1,0.5,1.76715,0.00430967,0.000537685,0.124762,230,0,1,1,,1,FIT_INCLUDED,1,1,0.00322661,0.00108306,2.01431,t1:ok_or_best,
group,grp_LH2_zOv_x0p25_Q23p3_tpq2p0,tierOn,z0p50,z = 0.50,pass4/pi+sidis/LH2/z0p5/x0p25/q23p3/hmsPneg1p531_shmsP3p632_hmsTh29p045_shmsTh7p865_thpq2,0,0,5,0,0.1,0.05,0,1,0.5,2.15984,0.00266205,0.000221702,0.0832826,669,0,1,1,,1,FIT_INCLUDED,1,1,0.00280083,-0.000138777,-0.625961,t1:ok_or_best,
group,grp_LH2_zOv_x0p25_Q23p3_tpq2p0,tierOn,z0p50,z = 0.50,pass4/pi+sidis/LH2/z0p5/x0p25/q23p3/hmsPneg1p531_shmsP3p632_hmsTh29p045_shmsTh7p865_thpq2,0,0,6,0,0.1,0.05,0,1,0.5,2.55254,0.0023796,0.00017004,0.0714571,1014,0,1,1,,1,FIT_INCLUDED,1,1,0.00247494,-9.53394e-05,-0.560688,t1:ok_or_best,
group,grp_LH2_zOv_x0p25_Q23p3_tpq2p0,tierOn,z0p50,z = 0.50,pass4/pi+sidis/LH2/z0p5/x0p25/q23p3/hmsPneg1p531_shmsP3p632_hmsTh29p045_shmsTh7p865_thpq2,0,0,7,0,0.1,0.05,0,1,0.5,2.94524,0.00218876,0.00014071,0.0642874,1248,0,1,1,,1,FIT_INCLUDED,1,1,0.00229857,-0.00010981,-0.780397,t1:ok_or_best,
group,grp_LH2_zOv_x0p25_Q23p3_tpq2p0,tierOn,z0p50,z = 0.50,pass4/pi+sidis/LH2/z0p5/x0p25/q23p3/hmsPneg1p531_shmsP3p632_hmsTh29p045_shmsTh7p865_thpq2,0,0,8,0,0.1,0.05,0,1,0.5,3.33794,0.00262256,0.000178726,0.0681496,1078,0,1,1,,1,FIT_INCLUDED,1,1,0.00229857,0.000323992,1.81278,t1:ok_or_best,
group,grp_LH2_zOv_x0p25_Q23p3_tpq2p0,tierOn,z0p50,z = 0.50,pass4/pi+sidis/LH2/z0p5/x0p25/q23p3/hmsPneg1p531_shmsP3p632_hmsTh29p045_shmsTh7p865_thpq2,0,0,9,0,0.1,0.05,0,1,0.5,3.73064,0.00253189,0.000175256,0.0692195,1020,0,1,1,,1,FIT_INCLUDED,1,1,0.00247494,5.69541e-05,0.324977,t1:ok_or_best,
group,grp_LH2_zOv_x0p25_Q23p3_tpq2p0,tierOn,z0p50,z = 0.50,pass4/pi+sidis/LH2/z0p5/x0p25/q23p3/hmsPneg1p531_shmsP3p632_hmsTh29p045_shmsTh7p865_thpq2,0,0,10,0,0.1,0.05,0,1,0.5,4.12334,0.00258548,0.000215204,0.0832355,666,0,1,1,,1,FIT_INCLUDED,1,1,0.00280082,-0.000215342,-1.00064,t1:ok_or_best,
group,grp_LH2_zOv_x0p25_Q23p3_tpq2p0,tierOn,z0p50,z = 0.50,pass4/pi+sidis/LH2/z0p5/x0p25/q23p3/hmsPneg1p531_shmsP3p632_hmsTh29p045_shmsTh7p865_thpq2,0,0,11,0,0.1,0.05,0,1,0.5,4.51604,0.00334807,0.000460717,0.137607,261,0,1,1,,1,FIT_INCLUDED,1,1,0.00322661,0.000121458,0.263627,t1:ok_or_best,
group,grp_LH2_zOv_x0p25_Q23p3_tpq2p0,tierOn,z0p50,z = 0.50,pass4/pi+sidis/LH2/z0p5/x0p25/q23p3/hmsPneg1p531_shmsP3p632_hmsTh29p045_shmsTh7p865_thpq2,0,0,12,0,0.1,0.05,0,1,0.5,4.90874,0.00786942,0.00215408,0.273728,44,2,0,0,VALID_DEFAULT0,0,,1,1,0.00368748,0.00418194,1.9414,t1:ok_or_best,
group,grp_LH2_zOv_x0p25_Q23p3_tpq2p0,tierOn,z0p50,z = 0.50,pass4/pi+sidis/LH2/z0p5/x0p25/q23p3/hmsPneg1p531_shmsP3p632_hmsTh29p045_shmsTh7p865_thpq2,0,0,13,0,0.1,0.05,0,1,0.5,5.30144,0.0181515,0.0115025,0.633696,13,262,0,0,VALID_DEFAULT0,0,,1,1,0.00411328,0.0140382,1.22045,t1:ok_or_best,
group,grp_LH2_zOv_x0p25_Q23p3_tpq2p0,tierOn,z0p50,z = 0.50,pass4/pi+sidis/LH2/z0p5/x0p25/q23p3/hmsPneg1p531_shmsP3p632_hmsTh29p045_shmsTh7p865_thpq2,0,0,14,0,0.1,0.05,0,1,0.5,5.69414,0.00934385,0.00539774,0.577678,8,262,0,0,VALID_DEFAULT0,0,,1,1,0.00443916,0.00490469,0.908656,t1:ok_or_best,
group,grp_LH2_zOv_x0p25_Q23p3_tpq2p0,tierOn,z0p50,z = 0.50,pass4/pi+sidis/LH2/z0p5/x0p25/q23p3/hmsPneg1p531_shmsP3p632_hmsTh29p045_shmsTh7p865_thpq2,0,0,15,0,0.1,0.05,0,1,0.5,6.08684,0.00910104,0.00568749,0.624927,7,262,0,0,VALID_DEFAULT0,0,,1,1,0.00461553,0.00448551,0.788663,t1:ok_or_best,
group,grp_LH2_zOv_x0p25_Q23p3_tpq2p0,tierOn,z0p50,z = 0.50,pass4/pi+sidis/LH2/z0p5/x0p25/q23p3/hmsPneg1p531_shmsP3p632_hmsTh29p045_shmsTh7p865_thpq2,1,0,0,0.1,0.2,0.15,0,1,0.5,0.19635,0.000420623,0.00205286,4.88052,2,262,0,0,VALID_DEFAULT0,0,,1,1,0.00361769,-0.00319707,-1.55737,t1:ok_or_best,
group,grp_LH2_zOv_x0p25_Q23p3_tpq2p0,tierOn,z0p50,z = 0.50,pass4/pi+sidis/LH2/z0p5/x0p25/q23p3/hmsPneg1p531_shmsP3p632_hmsTh29p045_shmsTh7p865_thpq2,1,0,1,0.1,0.2,0.15,0,1,0.5,0.589049,0.0551226,0.0468538,0.849992,3,262,0,0,VALID_DEFAULT0,0,,1,1,0.00351783,0.0516048,1.1014,t1:ok_or_best,
group,grp_LH2_zOv_x0p25_Q23p3_tpq2p0,tierOn,z0p50,z = 0.50,pass4/pi+sidis/LH2/z0p5/x0p25/q23p3/hmsPneg1p531_shmsP3p632_hmsTh29p045_shmsTh7p865_thpq2,1,0,2,0.1,0.2,0.15,0,1,0.5,0.981748,0.0159942,0.0125552,0.784986,2,262,0,0,VALID_DEFAULT0,0,,1,1,0.0033333,0.0126609,1.00842,t1:ok_or_best,
group,grp_LH2_zOv_x0p25_Q23p3_tpq2p0,tierOn,z0p50,z = 0.50,pass4/pi+sidis/LH2/z0p5/x0p25/q23p3/hmsPneg1p531_shmsP3p632_hmsTh29p045_shmsTh7p865_thpq2,1,0,3,0.1,0.2,0.15,0,1,0.5,1.37445,0.0129703,0.00374031,0.288376,47,2,0,0,VALID_DEFAULT0,0,,1,1,0.0030922,0.0098781,2.64098,t1:ok_or_best,
group,grp_LH2_zOv_x0p25_Q23p3_tpq2p0,tierOn,z0p50,z = 0.50,pass4/pi+sidis/LH2/z0p5/x0p25/q23p3/hmsPneg1p531_shmsP3p632_hmsTh29p045_shmsTh7p865_thpq2,1,0,4,0.1,0.2,0.15,0,1,0.5,1.76715,0.00355867,0.000265519,0.0746117,691,0,1,1,,1,FIT_INCLUDED,1,1,0.00283124,0.000727427,2.73964,t1:ok_or_best,
group,grp_LH2_zOv_x0p25_Q23p3_tpq2p0,tierOn,z0p50,z = 0.50,pass4/pi+sidis/LH2/z0p5/x0p25/q23p3/hmsPneg1p531_shmsP3p632_hmsTh29p045_shmsTh7p865_thpq2,1,0,5,0.1,0.2,0.15,0,1,0.5,2.15984,0.00244517,0.000109165,0.044645,2451,0,1,1,,1,FIT_INCLUDED,1,1,0.00259015,-0.000144983,-1.32811,t1:ok_or_best,
group,grp_LH2_zOv_x0p25_Q23p3_tpq2p0,tierOn,z0p50,z = 0.50,pass4/pi+sidis/LH2/z0p5/x0p25/q23p3/hmsPneg1p531_shmsP3p632_hmsTh29p045_shmsTh7p865_thpq2,1,0,6,0.1,0.2,0.15,0,1,0.5,2.55254,0.00243297,8.73633e-05,0.035908,3686,0,1,1,,1,FIT_INCLUDED,1,1,0.00240563,2.73448e-05,0.313001,t1:ok_or_best,
group,grp_LH2_zOv_x0p25_Q23p3_tpq2p0,tierOn,z0p50,z = 0.50,pass4/pi+sidis/LH2/z0p5/x0p25/q23p3/hmsPneg1p531_shmsP3p632_hmsTh29p045_shmsTh7p865_thpq2,1,0,7,0.1,0.2,0.15,0,1,0.5,2.94524,0.00237415,7.88414e-05,0.0332082,4300,0,1,1,,1,FIT_INCLUDED,1,1,0.00230576,6.8391e-05,0.86745,t1:ok_or_best,
group,grp_LH2_zOv_x0p25_Q23p3_tpq2p0,tierOn,z0p50,z = 0.50,pass4/pi+sidis/LH2/z0p5/x0p25/q23p3/hmsPneg1p531_shmsP3p632_hmsTh29p045_shmsTh7p865_thpq2,1,0,8,0.1,0.2,0.15,0,1,0.5,3.33794,0.00233929,7.93549e-05,0.0339226,4202,0,1,1,,1,FIT_INCLUDED,1,1,0.00230576,3.35317e-05,0.422553,t1:ok_or_best,
group,grp_LH2_zOv_x0p25_Q23p3_tpq2p0,tierOn,z0p50,z = 0.50,pass4/pi+sidis/LH2/z0p5/x0p25/q23p3/hmsPneg1p531_shmsP3p632_hmsTh29p045_shmsTh7p865_thpq2,1,0,9,0.1,0.2,0.15,0,1,0.5,3.73064,0.00232487,7.89757e-05,0.0339699,4270,0,1,1,,1,FIT_INCLUDED,1,1,0.00240562,-8.07532e-05,-1.02251,t1:ok_or_best,
group,grp_LH2_zOv_x0p25_Q23p3_tpq2p0,tierOn,z0p50,z = 0.50,pass4/pi+sidis/LH2/z0p5/x0p25/q23p3/hmsPneg1p531_shmsP3p632_hmsTh29p045_shmsTh7p865_thpq2,1,0,10,0.1,0.2,0.15,0,1,0.5,4.12334,0.00251992,0.000101201,0.0401603,2956,0,1,1,,1,FIT_INCLUDED,1,1,0.00259015,-7.02302e-05,-0.693967,t1:ok_or_best,
group,grp_LH2_zOv_x0p25_Q23p3_tpq2p0,tierOn,z0p50,z = 0.50,pass4/pi+sidis/LH2/z0p5/x0p25/q23p3/hmsPneg1p531_shmsP3p632_hmsTh29p045_shmsTh7p865_thpq2,1,0,11,0.1,0.2,0.15,0,1,0.5,4.51604,0.00290853,0.00020878,0.071782,835,0,1,1,,1,FIT_INCLUDED,1,1,0.00283125,7.72836e-05,0.370168,t1:ok_or_best,
group,grp_LH2_zOv_x0p25_Q23p3_tpq2p0,tierOn,z0p50,z = 0.50,pass4/pi+sidis/LH2/z0p5/x0p25/q23p3/hmsPneg1p531_shmsP3p632_hmsTh29p045_shmsTh7p865_thpq2,1,0,12,0.1,0.2,0.15,0,1,0.5,4.90874,0.010164,0.00378762,0.372652,23,2,0,0,VALID_DEFAULT0,0,,1,1,0.00309221,0.00707179,1.86708,t1:ok_or_best,
group,grp_LH2_zOv_x0p25_Q23p3_tpq2p0,tierOn,z0p50,z = 0.50,pass4/pi+sidis/LH2/z0p5/x0p25/q23p3/hmsPneg1p531_shmsP3p632_hmsTh29p045_shmsTh7p865_thpq2,1,0,13,0.1,0.2,0.15,0,1,0.5,5.30144,0.00876782,0.00471435,0.537688,8,262,0,0,VALID_DEFAULT0,0,,1,1,0.0033333,0.00543452,1.15276,t1:ok_or_best,
group,grp_LH2_zOv_x0p25_Q23p3_tpq2p0,tierOn,z0p50,z = 0.50,pass4/pi+sidis/LH2/z0p5/x0p25/q23p3/hmsPneg1p531_shmsP3p632_hmsTh29p045_shmsTh7p865_thpq2,1,0,14,0.1,0.2,0.15,0,1,0.5,5.69414,0.0107964,0.00749487,0.694203,5,262,0,0,VALID_DEFAULT0,0,,1,1,0.00351783,0.00727857,0.97114,t1:ok_or_best,
group,grp_LH2_zOv_x0p25_Q23p3_tpq2p0,tierOn,z0p50,z = 0.50,pass4/pi+sidis/LH2/z0p5/x0p25/q23p3/hmsPneg1p531_shmsP3p632_hmsTh29p045_shmsTh7p865_thpq2,1,0,15,0.1,0.2,0.15,0,1,0.5,6.08684,0.0064283,0.00490421,0.76291,4,262,0,0,VALID_DEFAULT0,0,,1,1,0.00361769,0.00281061,0.573101,t1:ok_or_best,
group,grp_LH2_zOv_x0p25_Q23p3_tpq2p0,tierOn,z0p50,z = 0.50,pass4/pi+sidis/LH2/z0p5/x0p25/q23p3/hmsPneg1p531_shmsP3p632_hmsTh29p045_shmsTh7p865_thpq2,2,0,0,0.2,0.3,0.25,0,1,0.5,0.19635,-999,-999,-999,0,1027,0,0,NONFINITE_XSEC,0,,1,1,0.00339752,-999,-999,t1:ok_or_best,
group,grp_LH2_zOv_x0p25_Q23p3_tpq2p0,tierOn,z0p50,z = 0.50,pass4/pi+sidis/LH2/z0p5/x0p25/q23p3/hmsPneg1p531_shmsP3p632_hmsTh29p045_shmsTh7p865_thpq2,2,0,1,0.2,0.3,0.25,0,1,0.5,0.589049,-999,-999,-999,0,1027,0,0,NONFINITE_XSEC,0,,1,1,0.00332733,-999,-999,t1:ok_or_best,
group,grp_LH2_zOv_x0p25_Q23p3_tpq2p0,tierOn,z0p50,z = 0.50,pass4/pi+sidis/LH2/z0p5/x0p25/q23p3/hmsPneg1p531_shmsP3p632_hmsTh29p045_shmsTh7p865_thpq2,2,0,2,0.2,0.3,0.25,0,1,0.5,0.981748,-999,-999,-999,0,1027,0,0,NONFINITE_XSEC,0,,1,1,0.00319765,-999,-999,t1:ok_or_best,
group,grp_LH2_zOv_x0p25_Q23p3_tpq2p0,tierOn,z0p50,z = 0.50,pass4/pi+sidis/LH2/z0p5/x0p25/q23p3/hmsPneg1p531_shmsP3p632_hmsTh29p045_shmsTh7p865_thpq2,2,0,3,0.2,0.3,0.25,0,1,0.5,1.37445,0.0243711,0.0137197,0.56295,13,262,0,0,VALID_DEFAULT0,0,,1,1,0.0030282,0.0213429,1.55564,t1:ok_or_best,
group,grp_LH2_zOv_x0p25_Q23p3_tpq2p0,tierOn,z0p50,z = 0.50,pass4/pi+sidis/LH2/z0p5/x0p25/q23p3/hmsPneg1p531_shmsP3p632_hmsTh29p045_shmsTh7p865_thpq2,2,0,4,0.2,0.3,0.25,0,1,0.5,1.76715,0.00727291,0.00129317,0.177806,122,0,1,1,,1,FIT_INCLUDED,1,1,0.00284479,0.00442812,3.42423,t1:ok_or_best,
group,grp_LH2_zOv_x0p25_Q23p3_tpq2p0,tierOn,z0p50,z = 0.50,pass4/pi+sidis/LH2/z0p5/x0p25/q23p3/hmsPneg1p531_shmsP3p632_hmsTh29p045_shmsTh7p865_thpq2,2,0,5,0.2,0.3,0.25,0,1,0.5,2.15984,0.00312909,0.000230945,0.073806,807,0,1,1,,1,FIT_INCLUDED,1,1,0.00267535,0.000453738,1.9647,t1:ok_or_best,
group,grp_LH2_zOv_x0p25_Q23p3_tpq2p0,tierOn,z0p50,z = 0.50,pass4/pi+sidis/LH2/z0p5/x0p25/q23p3/hmsPneg1p531_shmsP3p632_hmsTh29p045_shmsTh7p865_thpq2,2,0,6,0.2,0.3,0.25,0,1,0.5,2.55254,0.0025607,0.000120027,0.0468728,2024,0,1,1,,1,FIT_INCLUDED,1,1,0.00254566,1.50361e-05,0.125273,t1:ok_or_best,
group,grp_LH2_zOv_x0p25_Q23p3_tpq2p0,tierOn,z0p50,z = 0.50,pass4/pi+sidis/LH2/z0p5/x0p25/q23p3/hmsPneg1p531_shmsP3p632_hmsTh29p045_shmsTh7p865_thpq2,2,0,7,0.2,0.3,0.25,0,1,0.5,2.94524,0.00264253,0.000107842,0.0408101,2582,0,1,1,,1,FIT_INCLUDED,1,1,0.00247548,0.000167053,1.54906,t1:ok_or_best,
group,grp_LH2_zOv_x0p25_Q23p3_tpq2p0,tierOn,z0p50,z = 0.50,pass4/pi+sidis/LH2/z0p5/x0p25/q23p3/hmsPneg1p531_shmsP3p632_hmsTh29p045_shmsTh7p865_thpq2,2,0,8,0.2,0.3,0.25,0,1,0.5,3.33794,0.00243495,9.45933e-05,0.0388481,2854,0,1,1,,1,FIT_INCLUDED,1,1,0.00247548,-4.05263e-05,-0.428426,t1:ok_or_best,
group,grp_LH2_zOv_x0p25_Q23p3_tpq2p0,tierOn,z0p50,z = 0.50,pass4/pi+sidis/LH2/z0p5/x0p25/q23p3/hmsPneg1p531_shmsP3p632_hmsTh29p045_shmsTh7p865_thpq2,2,0,9,0.2,0.3,0.25,0,1,0.5,3.73064,0.0024507,9.55661e-05,0.0389954,2991,0,1,1,,1,FIT_INCLUDED,1,1,0.00254566,-9.49625e-05,-0.993684,t1:ok_or_best,
group,grp_LH2_zOv_x0p25_Q23p3_tpq2p0,tierOn,z0p50,z = 0.50,pass4/pi+sidis/LH2/z0p5/x0p25/q23p3/hmsPneg1p531_shmsP3p632_hmsTh29p045_shmsTh7p865_thpq2,2,0,10,0.2,0.3,0.25,0,1,0.5,4.12334,0.0024527,0.00012885,0.052534,1793,0,1,1,,1,FIT_INCLUDED,1,1,0.00267535,-0.00022265,-1.72798,t1:ok_or_best,
group,grp_LH2_zOv_x0p25_Q23p3_tpq2p0,tierOn,z0p50,z = 0.50,pass4/pi+sidis/LH2/z0p5/x0p25/q23p3/hmsPneg1p531_shmsP3p632_hmsTh29p045_shmsTh7p865_thpq2,2,0,11,0.2,0.3,0.25,0,1,0.5,4.51604,0.0031134,0.000388217,0.124692,262,0,1,1,,1,FIT_INCLUDED,1,1,0.0028448,0.000268604,0.691892,t1:ok_or_best,
group,grp_LH2_zOv_x0p25_Q23p3_tpq2p0,tierOn,z0p50,z = 0.50,pass4/pi+sidis/LH2/z0p5/x0p25/q23p3/hmsPneg1p531_shmsP3p632_hmsTh29p045_shmsTh7p865_thpq2,2,0,12,0.2,0.3,0.25,0,1,0.5,4.90874,0.46339,0.385017,0.830871,3,262,0,0,VALID_DEFAULT0,0,,1,1,0.0030282,0.460362,1.19569,t1:ok_or_best,
group,grp_LH2_zOv_x0p25_Q23p3_tpq2p0,tierOn,z0p50,z = 0.50,pass4/pi+sidis/LH2/z0p5/x0p25/q23p3/hmsPneg1p531_shmsP3p632_hmsTh29p045_shmsTh7p865_thpq2,2,0,13,0.2,0.3,0.25,0,1,0.5,5.30144,0.0958953,0.112195,1.16997,3,262,0,0,VALID_DEFAULT0,0,,1,1,0.00319765,0.0926977,0.826219,t1:ok_or_best,
group,grp_LH2_zOv_x0p25_Q23p3_tpq2p0,tierOn,z0p50,z = 0.50,pass4/pi+sidis/LH2/z0p5/x0p25/q23p3/hmsPneg1p531_shmsP3p632_hmsTh29p045_shmsTh7p865_thpq2,2,0,14,0.2,0.3,0.25,0,1,0.5,5.69414,-999,-999,-999,0,1027,0,0,NONFINITE_XSEC,0,,1,1,0.00332733,-999,-999,t1:ok_or_best,
group,grp_LH2_zOv_x0p25_Q23p3_tpq2p0,tierOn,z0p50,z = 0.50,pass4/pi+sidis/LH2/z0p5/x0p25/q23p3/hmsPneg1p531_shmsP3p632_hmsTh29p045_shmsTh7p865_thpq2,2,0,15,0.2,0.3,0.25,0,1,0.5,6.08684,0.00208827,0.00362235,1.73462,1,262,0,0,VALID_DEFAULT0,0,,1,1,0.00339752,-0.00130925,-0.361437,t1:ok_or_best,
group,grp_LH2_zOv_x0p25_Q23p3_tpq2p0,tierOn,z0p50,z = 0.50,pass4/pi+sidis/LH2/z0p5/x0p25/q23p3/hmsPneg1p531_shmsP3p632_hmsTh29p045_shmsTh7p865_thpq2,3,0,0,0.3,0.4,0.35,0,1,0.5,0.19635,-999,-999,-999,0,1027,0,0,NONFINITE_XSEC,0,,1,1,0.00846646,-999,-999,t1:ok_or_best,
group,grp_LH2_zOv_x0p25_Q23p3_tpq2p0,tierOn,z0p50,z = 0.50,pass4/pi+sidis/LH2/z0p5/x0p25/q23p3/hmsPneg1p531_shmsP3p632_hmsTh29p045_shmsTh7p865_thpq2,3,0,1,0.3,0.4,0.35,0,1,0.5,0.589049,-999,-999,-999,0,1027,0,0,NONFINITE_XSEC,0,,1,1,0.00797316,-999,-999,t1:ok_or_best,
group,grp_LH2_zOv_x0p25_Q23p3_tpq2p0,tierOn,z0p50,z = 0.50,pass4/pi+sidis/LH2/z0p5/x0p25/q23p3/hmsPneg1p531_shmsP3p632_hmsTh29p045_shmsTh7p865_thpq2,3,0,2,0.3,0.4,0.35,0,1,0.5,0.981748,0.0261895,0.0272997,1.04239,2,262,0,0,VALID_DEFAULT0,0,,1,1,0.00706165,0.0191279,0.700662,t1:ok_or_best,
group,grp_LH2_zOv_x0p25_Q23p3_tpq2p0,tierOn,z0p50,z = 0.50,pass4/pi+sidis/LH2/z0p5/x0p25/q23p3/hmsPneg1p531_shmsP3p632_hmsTh29p045_shmsTh7p865_thpq2,3,0,3,0.3,0.4,0.35,0,1,0.5,1.37445,0.00309386,0.00427758,1.3826,16,262,0,0,VALID_DEFAULT0,0,,1,1,0.0058707,-0.00277684,-0.649161,t1:ok_or_best,
group,grp_LH2_zOv_x0p25_Q23p3_tpq2p0,tierOn,z0p50,z = 0.50,pass4/pi+sidis/LH2/z0p5/x0p25/q23p3/hmsPneg1p531_shmsP3p632_hmsTh29p045_shmsTh7p865_thpq2,3,0,4,0.3,0.4,0.35,0,1,0.5,1.76715,0.0196154,0.00977905,0.498539,16,6,0,0,VALID_DEFAULT0,0,,1,1,0.00458163,0.0150338,1.53734,t1:ok_or_best,
group,grp_LH2_zOv_x0p25_Q23p3_tpq2p0,tierOn,z0p50,z = 0.50,pass4/pi+sidis/LH2/z0p5/x0p25/q23p3/hmsPneg1p531_shmsP3p632_hmsTh29p045_shmsTh7p865_thpq2,3,0,5,0.3,0.4,0.35,0,1,0.5,2.15984,0.0488957,0.0376288,0.769573,5,262,0,0,VALID_DEFAULT0,0,,1,1,0.00339071,0.045505,1.20931,t1:ok_or_best,
group,grp_LH2_zOv_x0p25_Q23p3_tpq2p0,tierOn,z0p50,z = 0.50,pass4/pi+sidis/LH2/z0p5/x0p25/q23p3/hmsPneg1p531_shmsP3p632_hmsTh29p045_shmsTh7p865_thpq2,3,0,6,0.3,0.4,0.35,0,1,0.5,2.55254,0.00772677,0.00208251,0.26952,51,2,0,0,VALID_DEFAULT0,0,,1,1,0.0024792,0.00524757,2.51983,t1:ok_or_best,
group,grp_LH2_zOv_x0p25_Q23p3_tpq2p0,tierOn,z0p50,z = 0.50,pass4/pi+sidis/LH2/z0p5/x0p25/q23p3/hmsPneg1p531_shmsP3p632_hmsTh29p045_shmsTh7p865_thpq2,3,0,7,0.3,0.4,0.35,0,1,0.5,2.94524,0.00260421,0.000577253,0.221662,93,0,1,1,,1,FIT_INCLUDED,1,1,0.00198589,0.000618322,1.07115,t1:ok_or_best,
group,grp_LH2_zOv_x0p25_Q23p3_tpq2p0,tierOn,z0p50,z = 0.50,pass4/pi+sidis/LH2/z0p5/x0p25/q23p3/hmsPneg1p531_shmsP3p632_hmsTh29p045_shmsTh7p865_thpq2,3,0,8,0.3,0.4,0.35,0,1,0.5,3.33794,0.00170649,0.000352218,0.2064,160,0,1,1,,1,FIT_INCLUDED,1,1,0.00198588,-0.000279395,-0.793244,t1:ok_or_best,
group,grp_LH2_zOv_x0p25_Q23p3_tpq2p0,tierOn,z0p50,z = 0.50,pass4/pi+sidis/LH2/z0p5/x0p25/q23p3/hmsPneg1p531_shmsP3p632_hmsTh29p045_shmsTh7p865_thpq2,3,0,9,0.3,0.4,0.35,0,1,0.5,3.73064,0.0025709,0.000387041,0.150547,194,0,1,1,,1,FIT_INCLUDED,1,1,0.00247919,9.17116e-05,0.236956,t1:ok_or_best,
group,grp_LH2_zOv_x0p25_Q23p3_tpq2p0,tierOn,z0p50,z = 0.50,pass4/pi+sidis/LH2/z0p5/x0p25/q23p3/hmsPneg1p531_shmsP3p632_hmsTh29p045_shmsTh7p865_thpq2,3,0,10,0.3,0.4,0.35,0,1,0.5,4.12334,0.00324554,0.000825127,0.254234,79,0,1,1,,1,FIT_INCLUDED,1,1,0.0033907,-0.000145158,-0.175922,t1:ok_or_best,
group,grp_LH2_zOv_x0p25_Q23p3_tpq2p0,tierOn,z0p50,z = 0.50,pass4/pi+sidis/LH2/z0p5/x0p25/q23p3/hmsPneg1p531_shmsP3p632_hmsTh29p045_shmsTh7p865_thpq2,3,0,11,0.3,0.4,0.35,0,1,0.5,4.51604,2.88704,3.01538,1.04445,1,262,0,0,VALID_DEFAULT0,0,,1,1,0.00458164,2.88246,0.955919,t1:ok_or_best,
group,grp_LH2_zOv_x0p25_Q23p3_tpq2p0,tierOn,z0p50,z = 0.50,pass4/pi+sidis/LH2/z0p5/x0p25/q23p3/hmsPneg1p531_shmsP3p632_hmsTh29p045_shmsTh7p865_thpq2,3,0,12,0.3,0.4,0.35,0,1,0.5,4.90874,-999,-999,-999,0,1027,0,0,NONFINITE_XSEC,0,,1,1,0.00587071,-999,-999,t1:ok_or_best,
group,grp_LH2_zOv_x0p25_Q23p3_tpq2p0,tierOn,z0p50,z = 0.50,pass4/pi+sidis/LH2/z0p5/x0p25/q23p3/hmsPneg1p531_shmsP3p632_hmsTh29p045_shmsTh7p865_thpq2,3,0,13,0.3,0.4,0.35,0,1,0.5,5.30144,-999,-999,-999,0,1035,0,0,NONFINITE_XSEC,0,,1,1,0.00706166,-999,-999,t1:ok_or_best,
group,grp_LH2_zOv_x0p25_Q23p3_tpq2p0,tierOn,z0p50,z = 0.50,pass4/pi+sidis/LH2/z0p5/x0p25/q23p3/hmsPneg1p531_shmsP3p632_hmsTh29p045_shmsTh7p865_thpq2,3,0,14,0.3,0.4,0.35,0,1,0.5,5.69414,-999,-999,-999,0,1035,0,0,NONFINITE_XSEC,0,,1,1,0.00797316,-999,-999,t1:ok_or_best,
group,grp_LH2_zOv_x0p25_Q23p3_tpq2p0,tierOn,z0p50,z = 0.50,pass4/pi+sidis/LH2/z0p5/x0p25/q23p3/hmsPneg1p531_shmsP3p632_hmsTh29p045_shmsTh7p865_thpq2,3,0,15,0.3,0.4,0.35,0,1,0.5,6.08684,-999,-999,-999,0,3075,0,0,NONFINITE_XSEC,0,,1,1,0.00846647,-999,-999,t1:ok_or_best,
group,grp_LH2_zOv_x0p25_Q23p3_tpq2p0,tierOn,z0p67,z = 0.67,pass4/pi+sidis/LH2/z0p67/x0p25/q23p3/hmsPneg1p531_shmsP4p868_hmsTh29p045_shmsTh7p865_thpq2,0,0,0,0,0.1,0.05,0,1,0.5,0.19635,0.0329477,0.0334204,1.01435,2,262,0,0,VALID_DEFAULT0,0,,1,1,0.00388637,0.0290613,0.869569,t1:ok_or_best,
group,grp_LH2_zOv_x0p25_Q23p3_tpq2p0,tierOn,z0p67,z = 0.67,pass4/pi+sidis/LH2/z0p67/x0p25/q23p3/hmsPneg1p531_shmsP4p868_hmsTh29p045_shmsTh7p865_thpq2,0,0,1,0,0.1,0.05,0,1,0.5,0.589049,0.0157686,0.0150479,0.954293,3,262,0,0,VALID_DEFAULT0,0,,1,1,0.00373742,0.0120312,0.799525,t1:ok_or_best,
group,grp_LH2_zOv_x0p25_Q23p3_tpq2p0,tierOn,z0p67,z = 0.67,pass4/pi+sidis/LH2/z0p67/x0p25/q23p3/hmsPneg1p531_shmsP4p868_hmsTh29p045_shmsTh7p865_thpq2,0,0,2,0,0.1,0.05,0,1,0.5,0.981748,0.0054936,0.00235416,0.428527,10,6,0,0,VALID_DEFAULT0,0,,1,1,0.00346221,0.00203139,0.862894,t1:ok_or_best,
group,grp_LH2_zOv_x0p25_Q23p3_tpq2p0,tierOn,z0p67,z = 0.67,pass4/pi+sidis/LH2/z0p67/x0p25/q23p3/hmsPneg1p531_shmsP4p868_hmsTh29p045_shmsTh7p865_thpq2,0,0,3,0,0.1,0.05,0,1,0.5,1.37445,0.00934087,0.00336477,0.36022,20,2,0,0,VALID_DEFAULT0,0,,1,1,0.00310262,0.00623825,1.85399,t1:ok_or_best,
group,grp_LH2_zOv_x0p25_Q23p3_tpq2p0,tierOn,z0p67,z = 0.67,pass4/pi+sidis/LH2/z0p67/x0p25/q23p3/hmsPneg1p531_shmsP4p868_hmsTh29p045_shmsTh7p865_thpq2,0,0,4,0,0.1,0.05,0,1,0.5,1.76715,0.00201028,0.000418,0.207931,156,0,1,1,,1,FIT_INCLUDED,1,1,0.00271341,-0.000703131,-1.68213,t1:ok_or_best,
group,grp_LH2_zOv_x0p25_Q23p3_tpq2p0,tierOn,z0p67,z = 0.67,pass4/pi+sidis/LH2/z0p67/x0p25/q23p3/hmsPneg1p531_shmsP4p868_hmsTh29p045_shmsTh7p865_thpq2,0,0,5,0,0.1,0.05,0,1,0.5,2.15984,0.00282464,0.000293717,0.103984,297,0,1,1,,1,FIT_INCLUDED,1,1,0.00235384,0.000470804,1.60292,t1:ok_or_best,
group,grp_LH2_zOv_x0p25_Q23p3_tpq2p0,tierOn,z0p67,z = 0.67,pass4/pi+sidis/LH2/z0p67/x0p25/q23p3/hmsPneg1p531_shmsP4p868_hmsTh29p045_shmsTh7p865_thpq2,0,0,6,0,0.1,0.05,0,1,0.5,2.55254,0.00200949,0.000195002,0.0970405,481,0,1,1,,1,FIT_INCLUDED,1,1,0.00207862,-6.91314e-05,-0.354517,t1:ok_or_best,
group,grp_LH2_zOv_x0p25_Q23p3_tpq2p0,tierOn,z0p67,z = 0.67,pass4/pi+sidis/LH2/z0p67/x0p25/q23p3/hmsPneg1p531_shmsP4p868_hmsTh29p045_shmsTh7p865_thpq2,0,0,7,0,0.1,0.05,0,1,0.5,2.94524,0.00192824,0.000168421,0.0873443,568,0,1,1,,1,FIT_INCLUDED,1,1,0.00192968,-1.43556e-06,-0.00852363,t1:ok_or_best,
group,grp_LH2_zOv_x0p25_Q23p3_tpq2p0,tierOn,z0p67,z = 0.67,pass4/pi+sidis/LH2/z0p67/x0p25/q23p3/hmsPneg1p531_shmsP4p868_hmsTh29p045_shmsTh7p865_thpq2,0,0,8,0,0.1,0.05,0,1,0.5,3.33794,0.00184657,0.000150417,0.0814574,550,0,1,1,,1,FIT_INCLUDED,1,1,0.00192967,-8.31045e-05,-0.552494,t1:ok_or_best,
group,grp_LH2_zOv_x0p25_Q23p3_tpq2p0,tierOn,z0p67,z = 0.67,pass4/pi+sidis/LH2/z0p67/x0p25/q23p3/hmsPneg1p531_shmsP4p868_hmsTh29p045_shmsTh7p865_thpq2,0,0,9,0,0.1,0.05,0,1,0.5,3.73064,0.00220876,0.000201889,0.0914036,512,0,1,1,,1,FIT_INCLUDED,1,1,0.00207862,0.000130142,0.644619,t1:ok_or_best,
group,grp_LH2_zOv_x0p25_Q23p3_tpq2p0,tierOn,z0p67,z = 0.67,pass4/pi+sidis/LH2/z0p67/x0p25/q23p3/hmsPneg1p531_shmsP4p868_hmsTh29p045_shmsTh7p865_thpq2,0,0,10,0,0.1,0.05,0,1,0.5,4.12334,0.00237221,0.000284315,0.119852,300,0,1,1,,1,FIT_INCLUDED,1,1,0.00235383,1.8378e-05,0.0646396,t1:ok_or_best,
group,grp_LH2_zOv_x0p25_Q23p3_tpq2p0,tierOn,z0p67,z = 0.67,pass4/pi+sidis/LH2/z0p67/x0p25/q23p3/hmsPneg1p531_shmsP4p868_hmsTh29p045_shmsTh7p865_thpq2,0,0,11,0,0.1,0.05,0,1,0.5,4.51604,0.00289452,0.000513702,0.177474,120,0,1,1,,1,FIT_INCLUDED,1,1,0.00271342,0.000181104,0.352547,t1:ok_or_best,
group,grp_LH2_zOv_x0p25_Q23p3_tpq2p0,tierOn,z0p67,z = 0.67,pass4/pi+sidis/LH2/z0p67/x0p25/q23p3/hmsPneg1p531_shmsP4p868_hmsTh29p045_shmsTh7p865_thpq2,0,0,12,0,0.1,0.05,0,1,0.5,4.90874,0.0132557,0.00443343,0.334455,26,2,0,0,VALID_DEFAULT0,0,,1,1,0.00310263,0.0101531,2.29012,t1:ok_or_best,
group,grp_LH2_zOv_x0p25_Q23p3_tpq2p0,tierOn,z0p67,z = 0.67,pass4/pi+sidis/LH2/z0p67/x0p25/q23p3/hmsPneg1p531_shmsP4p868_hmsTh29p045_shmsTh7p865_thpq2,0,0,13,0,0.1,0.05,0,1,0.5,5.30144,0.0248245,0.0161099,0.648951,6,262,0,0,VALID_DEFAULT0,0,,1,1,0.00346221,0.0213623,1.32603,t1:ok_or_best,
group,grp_LH2_zOv_x0p25_Q23p3_tpq2p0,tierOn,z0p67,z = 0.67,pass4/pi+sidis/LH2/z0p67/x0p25/q23p3/hmsPneg1p531_shmsP4p868_hmsTh29p045_shmsTh7p865_thpq2,0,0,14,0,0.1,0.05,0,1,0.5,5.69414,0.0152607,0.0118537,0.776746,3,262,0,0,VALID_DEFAULT0,0,,1,1,0.00373742,0.0115233,0.972125,t1:ok_or_best,
group,grp_LH2_zOv_x0p25_Q23p3_tpq2p0,tierOn,z0p67,z = 0.67,pass4/pi+sidis/LH2/z0p67/x0p25/q23p3/hmsPneg1p531_shmsP4p868_hmsTh29p045_shmsTh7p865_thpq2,0,0,15,0,0.1,0.05,0,1,0.5,6.08684,0.00965145,0.00624216,0.646758,3,262,0,0,VALID_DEFAULT0,0,,1,1,0.00388637,0.00576508,0.923572,t1:ok_or_best,
group,grp_LH2_zOv_x0p25_Q23p3_tpq2p0,tierOn,z0p67,z = 0.67,pass4/pi+sidis/LH2/z0p67/x0p25/q23p3/hmsPneg1p531_shmsP4p868_hmsTh29p045_shmsTh7p865_thpq2,1,0,0,0.1,0.2,0.15,0,1,0.5,0.19635,0.0109994,0.00895307,0.813956,4,262,0,0,VALID_DEFAULT0,0,,1,1,0.00294464,0.00805476,0.899665,t1:ok_or_best,
group,grp_LH2_zOv_x0p25_Q23p3_tpq2p0,tierOn,z0p67,z = 0.67,pass4/pi+sidis/LH2/z0p67/x0p25/q23p3/hmsPneg1p531_shmsP4p868_hmsTh29p045_shmsTh7p865_thpq2,1,0,1,0.1,0.2,0.15,0,1,0.5,0.589049,-999,-999,-999,0,1027,0,0,NONFINITE_XSEC,0,,1,1,0.00285764,-999,-999,t1:ok_or_best,
group,grp_LH2_zOv_x0p25_Q23p3_tpq2p0,tierOn,z0p67,z = 0.67,pass4/pi+sidis/LH2/z0p67/x0p25/q23p3/hmsPneg1p531_shmsP4p868_hmsTh29p045_shmsTh7p865_thpq2,1,0,2,0.1,0.2,0.15,0,1,0.5,0.981748,0.0110456,0.00838717,0.759324,4,262,0,0,VALID_DEFAULT0,0,,1,1,0.0026969,0.0083487,0.995413,t1:ok_or_best,
group,grp_LH2_zOv_x0p25_Q23p3_tpq2p0,tierOn,z0p67,z = 0.67,pass4/pi+sidis/LH2/z0p67/x0p25/q23p3/hmsPneg1p531_shmsP4p868_hmsTh29p045_shmsTh7p865_thpq2,1,0,3,0.1,0.2,0.15,0,1,0.5,1.37445,0.00841529,0.0022552,0.267988,31,2,0,0,VALID_DEFAULT0,0,,1,1,0.00248688,0.00592841,2.62877,t1:ok_or_best,
group,grp_LH2_zOv_x0p25_Q23p3_tpq2p0,tierOn,z0p67,z = 0.67,pass4/pi+sidis/LH2/z0p67/x0p25/q23p3/hmsPneg1p531_shmsP4p868_hmsTh29p045_shmsTh7p865_thpq2,1,0,4,0.1,0.2,0.15,0,1,0.5,1.76715,0.00267879,0.000241813,0.0902695,480,0,1,1,,1,FIT_INCLUDED,1,1,0.00225955,0.000419236,1.73372,t1:ok_or_best,
group,grp_LH2_zOv_x0p25_Q23p3_tpq2p0,tierOn,z0p67,z = 0.67,pass4/pi+sidis/LH2/z0p67/x0p25/q23p3/hmsPneg1p531_shmsP4p868_hmsTh29p045_shmsTh7p865_thpq2,1,0,5,0.1,0.2,0.15,0,1,0.5,2.15984,0.00203684,0.000101272,0.0497201,1554,0,1,1,,1,FIT_INCLUDED,1,1,0.00204954,-1.26991e-05,-0.125396,t1:ok_or_best,
group,grp_LH2_zOv_x0p25_Q23p3_tpq2p0,tierOn,z0p67,z = 0.67,pass4/pi+sidis/LH2/z0p67/x0p25/q23p3/hmsPneg1p531_shmsP4p868_hmsTh29p045_shmsTh7p865_thpq2,1,0,6,0.1,0.2,0.15,0,1,0.5,2.55254,0.00187657,7.71265e-05,0.0410997,2321,0,1,1,,1,FIT_INCLUDED,1,1,0.0018888,-1.22256e-05,-0.158514,t1:ok_or_best,
group,grp_LH2_zOv_x0p25_Q23p3_tpq2p0,tierOn,z0p67,z = 0.67,pass4/pi+sidis/LH2/z0p67/x0p25/q23p3/hmsPneg1p531_shmsP4p868_hmsTh29p045_shmsTh7p865_thpq2,1,0,7,0.1,0.2,0.15,0,1,0.5,2.94524,0.00174612,7.49153e-05,0.0429039,2530,0,1,1,,1,FIT_INCLUDED,1,1,0.0018018,-5.56815e-05,-0.743259,t1:ok_or_best,
group,grp_LH2_zOv_x0p25_Q23p3_tpq2p0,tierOn,z0p67,z = 0.67,pass4/pi+sidis/LH2/z0p67/x0p25/q23p3/hmsPneg1p531_shmsP4p868_hmsTh29p045_shmsTh7p865_thpq2,1,0,8,0.1,0.2,0.15,0,1,0.5,3.33794,0.00184892,7.2375e-05,0.0391444,2455,0,1,1,,1,FIT_INCLUDED,1,1,0.0018018,4.71191e-05,0.651041,t1:ok_or_best,
group,grp_LH2_zOv_x0p25_Q23p3_tpq2p0,tierOn,z0p67,z = 0.67,pass4/pi+sidis/LH2/z0p67/x0p25/q23p3/hmsPneg1p531_shmsP4p868_hmsTh29p045_shmsTh7p865_thpq2,1,0,9,0.1,0.2,0.15,0,1,0.5,3.73064,0.00195457,8.25489e-05,0.0422337,2334,0,1,1,,1,FIT_INCLUDED,1,1,0.00188879,6.57761e-05,0.796814,t1:ok_or_best,
group,grp_LH2_zOv_x0p25_Q23p3_tpq2p0,tierOn,z0p67,z = 0.67,pass4/pi+sidis/LH2/z0p67/x0p25/q23p3/hmsPneg1p531_shmsP4p868_hmsTh29p045_shmsTh7p865_thpq2,1,0,10,0.1,0.2,0.15,0,1,0.5,4.12334,0.00194862,9.96881e-05,0.0511583,1737,0,1,1,,1,FIT_INCLUDED,1,1,0.00204954,-0.000100916,-1.01232,t1:ok_or_best,
group,grp_LH2_zOv_x0p25_Q23p3_tpq2p0,tierOn,z0p67,z = 0.67,pass4/pi+sidis/LH2/z0p67/x0p25/q23p3/hmsPneg1p531_shmsP4p868_hmsTh29p045_shmsTh7p865_thpq2,1,0,11,0.1,0.2,0.15,0,1,0.5,4.51604,0.00216426,0.000197341,0.0911818,539,0,1,1,,1,FIT_INCLUDED,1,1,0.00225956,-9.5297e-05,-0.482905,t1:ok_or_best,
group,grp_LH2_zOv_x0p25_Q23p3_tpq2p0,tierOn,z0p67,z = 0.67,pass4/pi+sidis/LH2/z0p67/x0p25/q23p3/hmsPneg1p531_shmsP4p868_hmsTh29p045_shmsTh7p865_thpq2,1,0,12,0.1,0.2,0.15,0,1,0.5,4.90874,0.00596901,0.0015419,0.258318,34,2,0,0,VALID_DEFAULT0,0,,1,1,0.00248688,0.00348213,2.25834,t1:ok_or_best,
group,grp_LH2_zOv_x0p25_Q23p3_tpq2p0,tierOn,z0p67,z = 0.67,pass4/pi+sidis/LH2/z0p67/x0p25/q23p3/hmsPneg1p531_shmsP4p868_hmsTh29p045_shmsTh7p865_thpq2,1,0,13,0.1,0.2,0.15,0,1,0.5,5.30144,0.00604677,0.00330077,0.545874,5,262,0,0,VALID_DEFAULT0,0,,1,1,0.0026969,0.00334987,1.01487,t1:ok_or_best,
group,grp_LH2_zOv_x0p25_Q23p3_tpq2p0,tierOn,z0p67,z = 0.67,pass4/pi+sidis/LH2/z0p67/x0p25/q23p3/hmsPneg1p531_shmsP4p868_hmsTh29p045_shmsTh7p865_thpq2,1,0,14,0.1,0.2,0.15,0,1,0.5,5.69414,0.00519473,0.00409449,0.788201,3,262,0,0,VALID_DEFAULT0,0,,1,1,0.00285764,0.00233709,0.570788,t1:ok_or_best,
group,grp_LH2_zOv_x0p25_Q23p3_tpq2p0,tierOn,z0p67,z = 0.67,pass4/pi+sidis/LH2/z0p67/x0p25/q23p3/hmsPneg1p531_shmsP4p868_hmsTh29p045_shmsTh7p865_thpq2,1,0,15,0.1,0.2,0.15,0,1,0.5,6.08684,0.0125046,0.0140459,1.12326,2,262,0,0,VALID_DEFAULT0,0,,1,1,0.00294464,0.00955996,0.680623,t1:ok_or_best,
group,grp_LH2_zOv_x0p25_Q23p3_tpq2p0,tierOn,z0p67,z = 0.67,pass4/pi+sidis/LH2/z0p67/x0p25/q23p3/hmsPneg1p531_shmsP4p868_hmsTh29p045_shmsTh7p865_thpq2,2,0,0,0.2,0.3,0.25,0,1,0.5,0.19635,0.00548777,0.00808633,1.47352,1,262,0,0,VALID_DEFAULT0,0,,1,1,0.00268014,0.00280763,0.347207,t1:ok_or_best,
group,grp_LH2_zOv_x0p25_Q23p3_tpq2p0,tierOn,z0p67,z = 0.67,pass4/pi+sidis/LH2/z0p67/x0p25/q23p3/hmsPneg1p531_shmsP4p868_hmsTh29p045_shmsTh7p865_thpq2,2,0,1,0.2,0.3,0.25,0,1,0.5,0.589049,-999,-999,-999,0,1027,0,0,NONFINITE_XSEC,0,,1,1,0.00261441,-999,-999,t1:ok_or_best,
group,grp_LH2_zOv_x0p25_Q23p3_tpq2p0,tierOn,z0p67,z = 0.67,pass4/pi+sidis/LH2/z0p67/x0p25/q23p3/hmsPneg1p531_shmsP4p868_hmsTh29p045_shmsTh7p865_thpq2,2,0,2,0.2,0.3,0.25,0,1,0.5,0.981748,-999,-999,-999,0,1027,0,0,NONFINITE_XSEC,0,,1,1,0.00249294,-999,-999,t1:ok_or_best,
group,grp_LH2_zOv_x0p25_Q23p3_tpq2p0,tierOn,z0p67,z = 0.67,pass4/pi+sidis/LH2/z0p67/x0p25/q23p3/hmsPneg1p531_shmsP4p868_hmsTh29p045_shmsTh7p865_thpq2,2,0,3,0.2,0.3,0.25,0,1,0.5,1.37445,0.0206716,0.0154392,0.746882,5,262,0,0,VALID_DEFAULT0,0,,1,1,0.00233424,0.0183374,1.18771,t1:ok_or_best,
group,grp_LH2_zOv_x0p25_Q23p3_tpq2p0,tierOn,z0p67,z = 0.67,pass4/pi+sidis/LH2/z0p67/x0p25/q23p3/hmsPneg1p531_shmsP4p868_hmsTh29p045_shmsTh7p865_thpq2,2,0,4,0.2,0.3,0.25,0,1,0.5,1.76715,0.00247727,0.000255056,0.102959,415,0,1,1,,1,FIT_INCLUDED,1,1,0.00216246,0.000314809,1.23427,t1:ok_or_best,
group,grp_LH2_zOv_x0p25_Q23p3_tpq2p0,tierOn,z0p67,z = 0.67,pass4/pi+sidis/LH2/z0p67/x0p25/q23p3/hmsPneg1p531_shmsP4p868_hmsTh29p045_shmsTh7p865_thpq2,2,0,5,0.2,0.3,0.25,0,1,0.5,2.15984,0.0018111,0.000103783,0.057304,1791,0,1,1,,1,FIT_INCLUDED,1,1,0.00200376,-0.000192663,-1.8564,t1:ok_or_best,
group,grp_LH2_zOv_x0p25_Q23p3_tpq2p0,tierOn,z0p67,z = 0.67,pass4/pi+sidis/LH2/z0p67/x0p25/q23p3/hmsPneg1p531_shmsP4p868_hmsTh29p045_shmsTh7p865_thpq2,2,0,6,0.2,0.3,0.25,0,1,0.5,2.55254,0.00179368,6.83182e-05,0.0380884,3116,0,1,1,,1,FIT_INCLUDED,1,1,0.0018823,-8.86175e-05,-1.29713,t1:ok_or_best,
group,grp_LH2_zOv_x0p25_Q23p3_tpq2p0,tierOn,z0p67,z = 0.67,pass4/pi+sidis/LH2/z0p67/x0p25/q23p3/hmsPneg1p531_shmsP4p868_hmsTh29p045_shmsTh7p865_thpq2,2,0,7,0.2,0.3,0.25,0,1,0.5,2.94524,0.00175523,6.32577e-05,0.0360395,3482,0,1,1,,1,FIT_INCLUDED,1,1,0.00181656,-6.13305e-05,-0.969534,t1:ok_or_best,
group,grp_LH2_zOv_x0p25_Q23p3_tpq2p0,tierOn,z0p67,z = 0.67,pass4/pi+sidis/LH2/z0p67/x0p25/q23p3/hmsPneg1p531_shmsP4p868_hmsTh29p045_shmsTh7p865_thpq2,2,0,8,0.2,0.3,0.25,0,1,0.5,3.33794,0.00192896,6.20271e-05,0.0321558,3657,0,1,1,,1,FIT_INCLUDED,1,1,0.00181656,0.0001124,1.81211,t1:ok_or_best,
group,grp_LH2_zOv_x0p25_Q23p3_tpq2p0,tierOn,z0p67,z = 0.67,pass4/pi+sidis/LH2/z0p67/x0p25/q23p3/hmsPneg1p531_shmsP4p868_hmsTh29p045_shmsTh7p865_thpq2,2,0,9,0.2,0.3,0.25,0,1,0.5,3.73064,0.00193054,6.78051e-05,0.0351224,3644,0,1,1,,1,FIT_INCLUDED,1,1,0.0018823,4.82438e-05,0.711507,t1:ok_or_best,
group,grp_LH2_zOv_x0p25_Q23p3_tpq2p0,tierOn,z0p67,z = 0.67,pass4/pi+sidis/LH2/z0p67/x0p25/q23p3/hmsPneg1p531_shmsP4p868_hmsTh29p045_shmsTh7p865_thpq2,2,0,10,0.2,0.3,0.25,0,1,0.5,4.12334,0.00203014,9.93061e-05,0.0489158,2339,0,1,1,,1,FIT_INCLUDED,1,1,0.00200376,2.63787e-05,0.265631,t1:ok_or_best,
group,grp_LH2_zOv_x0p25_Q23p3_tpq2p0,tierOn,z0p67,z = 0.67,pass4/pi+sidis/LH2/z0p67/x0p25/q23p3/hmsPneg1p531_shmsP4p868_hmsTh29p045_shmsTh7p865_thpq2,2,0,11,0.2,0.3,0.25,0,1,0.5,4.51604,0.00238449,0.000210376,0.0882269,552,0,1,1,,1,FIT_INCLUDED,1,1,0.00216246,0.000222027,1.05538,t1:ok_or_best,
group,grp_LH2_zOv_x0p25_Q23p3_tpq2p0,tierOn,z0p67,z = 0.67,pass4/pi+sidis/LH2/z0p67/x0p25/q23p3/hmsPneg1p531_shmsP4p868_hmsTh29p045_shmsTh7p865_thpq2,2,0,12,0.2,0.3,0.25,0,1,0.5,4.90874,0.0073799,0.00309841,0.419845,12,6,0,0,VALID_DEFAULT0,0,,1,1,0.00233424,0.00504566,1.62847,t1:ok_or_best,
group,grp_LH2_zOv_x0p25_Q23p3_tpq2p0,tierOn,z0p67,z = 0.67,pass4/pi+sidis/LH2/z0p67/x0p25/q23p3/hmsPneg1p531_shmsP4p868_hmsTh29p045_shmsTh7p865_thpq2,2,0,13,0.2,0.3,0.25,0,1,0.5,5.30144,0.0125328,0.0115756,0.923624,2,262,0,0,VALID_DEFAULT0,0,,1,1,0.00249294,0.0100399,0.867329,t1:ok_or_best,
group,grp_LH2_zOv_x0p25_Q23p3_tpq2p0,tierOn,z0p67,z = 0.67,pass4/pi+sidis/LH2/z0p67/x0p25/q23p3/hmsPneg1p531_shmsP4p868_hmsTh29p045_shmsTh7p865_thpq2,2,0,14,0.2,0.3,0.25,0,1,0.5,5.69414,-999,-999,-999,0,1027,0,0,NONFINITE_XSEC,0,,1,1,0.00261441,-999,-999,t1:ok_or_best,
group,grp_LH2_zOv_x0p25_Q23p3_tpq2p0,tierOn,z0p67,z = 0.67,pass4/pi+sidis/LH2/z0p67/x0p25/q23p3/hmsPneg1p531_shmsP4p868_hmsTh29p045_shmsTh7p865_thpq2,2,0,15,0.2,0.3,0.25,0,1,0.5,6.08684,-999,-999,-999,0,1027,0,0,NONFINITE_XSEC,0,,1,1,0.00268014,-999,-999,t1:ok_or_best,
group,grp_LH2_zOv_x0p25_Q23p3_tpq2p0,tierOn,z0p67,z = 0.67,pass4/pi+sidis/LH2/z0p67/x0p25/q23p3/hmsPneg1p531_shmsP4p868_hmsTh29p045_shmsTh7p865_thpq2,3,0,0,0.3,0.4,0.35,0,1,0.5,0.19635,-999,-999,-999,0,1035,0,0,NONFINITE_XSEC,0,,1,1,0.00250337,-999,-999,t1:ok_or_best,A_SIG_LOW
group,grp_LH2_zOv_x0p25_Q23p3_tpq2p0,tierOn,z0p67,z = 0.67,pass4/pi+sidis/LH2/z0p67/x0p25/q23p3/hmsPneg1p531_shmsP4p868_hmsTh29p045_shmsTh7p865_thpq2,3,0,1,0.3,0.4,0.35,0,1,0.5,0.589049,-999,-999,-999,0,3075,0,0,NONFINITE_XSEC,0,,1,1,0.00247558,-999,-999,t1:ok_or_best,A_SIG_LOW
group,grp_LH2_zOv_x0p25_Q23p3_tpq2p0,tierOn,z0p67,z = 0.67,pass4/pi+sidis/LH2/z0p67/x0p25/q23p3/hmsPneg1p531_shmsP4p868_hmsTh29p045_shmsTh7p865_thpq2,3,0,2,0.3,0.4,0.35,0,1,0.5,0.981748,-0.00180359,0.00210542,1.16735,1,398,0,0,VALID_DEFAULT0,0,,1,1,0.00242424,-0.00422783,-2.00807,t1:ok_or_best,A_SIG_LOW
group,grp_LH2_zOv_x0p25_Q23p3_tpq2p0,tierOn,z0p67,z = 0.67,pass4/pi+sidis/LH2/z0p67/x0p25/q23p3/hmsPneg1p531_shmsP4p868_hmsTh29p045_shmsTh7p865_thpq2,3,0,3,0.3,0.4,0.35,0,1,0.5,1.37445,0.0357228,0.0364769,1.02111,1,262,0,0,VALID_DEFAULT0,0,,1,1,0.00235716,0.0333656,0.914706,t1:ok_or_best,A_SIG_LOW
group,grp_LH2_zOv_x0p25_Q23p3_tpq2p0,tierOn,z0p67,z = 0.67,pass4/pi+sidis/LH2/z0p67/x0p25/q23p3/hmsPneg1p531_shmsP4p868_hmsTh29p045_shmsTh7p865_thpq2,3,0,4,0.3,0.4,0.35,0,1,0.5,1.76715,0.00928674,0.00291042,0.313395,35,2,0,0,VALID_DEFAULT0,0,,1,1,0.00228456,0.00700218,2.4059,t1:ok_or_best,A_SIG_LOW
group,grp_LH2_zOv_x0p25_Q23p3_tpq2p0,tierOn,z0p67,z = 0.67,pass4/pi+sidis/LH2/z0p67/x0p25/q23p3/hmsPneg1p531_shmsP4p868_hmsTh29p045_shmsTh7p865_thpq2,3,0,5,0.3,0.4,0.35,0,1,0.5,2.15984,0.00203167,0.000189366,0.0932072,411,0,1,1,,1,FIT_INCLUDED,1,1,0.00221748,-0.000185813,-0.981237,t1:ok_or_best,A_SIG_LOW
group,grp_LH2_zOv_x0p25_Q23p3_tpq2p0,tierOn,z0p67,z = 0.67,pass4/pi+sidis/LH2/z0p67/x0p25/q23p3/hmsPneg1p531_shmsP4p868_hmsTh29p045_shmsTh7p865_thpq2,3,0,6,0.3,0.4,0.35,0,1,0.5,2.55254,0.00208928,0.000124467,0.0595743,1125,0,1,1,,1,FIT_INCLUDED,1,1,0.00216614,-7.68632e-05,-0.617539,t1:ok_or_best,A_SIG_LOW
group,grp_LH2_zOv_x0p25_Q23p3_tpq2p0,tierOn,z0p67,z = 0.67,pass4/pi+sidis/LH2/z0p67/x0p25/q23p3/hmsPneg1p531_shmsP4p868_hmsTh29p045_shmsTh7p865_thpq2,3,0,7,0.3,0.4,0.35,0,1,0.5,2.94524,0.00230737,0.000106866,0.0463148,1447,0,1,1,,1,FIT_INCLUDED,1,1,0.00213836,0.000169012,1.58153,t1:ok_or_best,A_SIG_LOW
group,grp_LH2_zOv_x0p25_Q23p3_tpq2p0,tierOn,z0p67,z = 0.67,pass4/pi+sidis/LH2/z0p67/x0p25/q23p3/hmsPneg1p531_shmsP4p868_hmsTh29p045_shmsTh7p865_thpq2,3,0,8,0.3,0.4,0.35,0,1,0.5,3.33794,0.00212538,0.00010563,0.0496991,1656,0,1,1,,1,FIT_INCLUDED,1,1,0.00213836,-1.2978e-05,-0.122862,t1:ok_or_best,A_SIG_LOW
group,grp_LH2_zOv_x0p25_Q23p3_tpq2p0,tierOn,z0p67,z = 0.67,pass4/pi+sidis/LH2/z0p67/x0p25/q23p3/hmsPneg1p531_shmsP4p868_hmsTh29p045_shmsTh7p865_thpq2,3,0,9,0.3,0.4,0.35,0,1,0.5,3.73064,0.00200327,0.000109324,0.0545726,1852,0,1,1,,1,FIT_INCLUDED,1,1,0.00216614,-0.000162873,-1.48982,t1:ok_or_best,A_SIG_LOW
group,grp_LH2_zOv_x0p25_Q23p3_tpq2p0,tierOn,z0p67,z = 0.67,pass4/pi+sidis/LH2/z0p67/x0p25/q23p3/hmsPneg1p531_shmsP4p868_hmsTh29p045_shmsTh7p865_thpq2,3,0,10,0.3,0.4,0.35,0,1,0.5,4.12334,0.00240366,0.000150018,0.0624125,1044,0,1,1,,1,FIT_INCLUDED,1,1,0.00221748,0.000186178,1.24104,t1:ok_or_best,A_SIG_LOW
group,grp_LH2_zOv_x0p25_Q23p3_tpq2p0,tierOn,z0p67,z = 0.67,pass4/pi+sidis/LH2/z0p67/x0p25/q23p3/hmsPneg1p531_shmsP4p868_hmsTh29p045_shmsTh7p865_thpq2,3,0,11,0.3,0.4,0.35,0,1,0.5,4.51604,0.00262289,0.000426314,0.162536,116,0,1,1,,1,FIT_INCLUDED,1,1,0.00228456,0.000338329,0.793616,t1:ok_or_best,A_SIG_LOW
group,grp_LH2_zOv_x0p25_Q23p3_tpq2p0,tierOn,z0p67,z = 0.67,pass4/pi+sidis/LH2/z0p67/x0p25/q23p3/hmsPneg1p531_shmsP4p868_hmsTh29p045_shmsTh7p865_thpq2,3,0,12,0.3,0.4,0.35,0,1,0.5,4.90874,-999,-999,-999,0,1027,0,0,NONFINITE_XSEC,0,,1,1,0.00235717,-999,-999,t1:ok_or_best,A_SIG_LOW
group,grp_LH2_zOv_x0p25_Q23p3_tpq2p0,tierOn,z0p67,z = 0.67,pass4/pi+sidis/LH2/z0p67/x0p25/q23p3/hmsPneg1p531_shmsP4p868_hmsTh29p045_shmsTh7p865_thpq2,3,0,13,0.3,0.4,0.35,0,1,0.5,5.30144,-999,-999,-999,0,1027,0,0,NONFINITE_XSEC,0,,1,1,0.00242424,-999,-999,t1:ok_or_best,A_SIG_LOW
group,grp_LH2_zOv_x0p25_Q23p3_tpq2p0,tierOn,z0p67,z = 0.67,pass4/pi+sidis/LH2/z0p67/x0p25/q23p3/hmsPneg1p531_shmsP4p868_hmsTh29p045_shmsTh7p865_thpq2,3,0,14,0.3,0.4,0.35,0,1,0.5,5.69414,-999,-999,-999,0,1027,0,0,NONFINITE_XSEC,0,,1,1,0.00247558,-999,-999,t1:ok_or_best,A_SIG_LOW
group,grp_LH2_zOv_x0p25_Q23p3_tpq2p0,tierOn,z0p67,z = 0.67,pass4/pi+sidis/LH2/z0p67/x0p25/q23p3/hmsPneg1p531_shmsP4p868_hmsTh29p045_shmsTh7p865_thpq2,3,0,15,0.3,0.4,0.35,0,1,0.5,6.08684,-999,-999,-999,0,1027,0,0,NONFINITE_XSEC,0,,1,1,0.00250337,-999,-999,t1:ok_or_best,A_SIG_LOW
group,grp_LH2_zOv_x0p25_Q23p3_tpq2p0,tierOn,z0p90,z = 0.90,pass4/pi+sidis/LH2/z0p9/x0p25/q23p3/hmsPneg1p531_shmsP6p538_hmsTh29p045_shmsTh7p865_thpq2,0,0,0,0,0.1,0.05,0,1,0.5,0.19635,0.0130442,0.0145027,1.11182,1,262,0,0,VALID_DEFAULT0,0,,1,1,0.00244187,0.0106023,0.731059,t1:ok_or_best,
group,grp_LH2_zOv_x0p25_Q23p3_tpq2p0,tierOn,z0p90,z = 0.90,pass4/pi+sidis/LH2/z0p9/x0p25/q23p3/hmsPneg1p531_shmsP6p538_hmsTh29p045_shmsTh7p865_thpq2,0,0,1,0,0.1,0.05,0,1,0.5,0.589049,0.00577521,0.00476374,0.824861,2,262,0,0,VALID_DEFAULT0,0,,1,1,0.00234393,0.00343128,0.720291,t1:ok_or_best,
group,grp_LH2_zOv_x0p25_Q23p3_tpq2p0,tierOn,z0p90,z = 0.90,pass4/pi+sidis/LH2/z0p9/x0p25/q23p3/hmsPneg1p531_shmsP6p538_hmsTh29p045_shmsTh7p865_thpq2,0,0,2,0,0.1,0.05,0,1,0.5,0.981748,0.00812381,0.00397582,0.489403,8,6,0,0,VALID_DEFAULT0,0,,1,1,0.00216297,0.00596084,1.49927,t1:ok_or_best,
group,grp_LH2_zOv_x0p25_Q23p3_tpq2p0,tierOn,z0p90,z = 0.90,pass4/pi+sidis/LH2/z0p9/x0p25/q23p3/hmsPneg1p531_shmsP6p538_hmsTh29p045_shmsTh7p865_thpq2,0,0,3,0,0.1,0.05,0,1,0.5,1.37445,0.0018074,0.000618152,0.342012,33,2,0,0,VALID_DEFAULT0,0,,1,1,0.00192653,-0.000119125,-0.192712,t1:ok_or_best,
group,grp_LH2_zOv_x0p25_Q23p3_tpq2p0,tierOn,z0p90,z = 0.90,pass4/pi+sidis/LH2/z0p9/x0p25/q23p3/hmsPneg1p531_shmsP6p538_hmsTh29p045_shmsTh7p865_thpq2,0,0,4,0,0.1,0.05,0,1,0.5,1.76715,0.00171817,0.000362056,0.210723,74,2,0,0,VALID_DEFAULT0,0,,1,1,0.0016706,4.75666e-05,0.131379,t1:ok_or_best,
group,grp_LH2_zOv_x0p25_Q23p3_tpq2p0,tierOn,z0p90,z = 0.90,pass4/pi+sidis/LH2/z0p9/x0p25/q23p3/hmsPneg1p531_shmsP6p538_hmsTh29p045_shmsTh7p865_thpq2,0,0,5,0,0.1,0.05,0,1,0.5,2.15984,0.00144753,0.000205422,0.141912,144,0,1,1,,1,FIT_INCLUDED,1,1,0.00143417,1.33619e-05,0.0650459,t1:ok_or_best,
group,grp_LH2_zOv_x0p25_Q23p3_tpq2p0,tierOn,z0p90,z = 0.90,pass4/pi+sidis/LH2/z0p9/x0p25/q23p3/hmsPneg1p531_shmsP6p538_hmsTh29p045_shmsTh7p865_thpq2,0,0,6,0,0.1,0.05,0,1,0.5,2.55254,0.00130126,0.000179879,0.138235,224,0,1,1,,1,FIT_INCLUDED,1,1,0.0012532,4.80569e-05,0.267162,t1:ok_or_best,
group,grp_LH2_zOv_x0p25_Q23p3_tpq2p0,tierOn,z0p90,z = 0.90,pass4/pi+sidis/LH2/z0p9/x0p25/q23p3/hmsPneg1p531_shmsP6p538_hmsTh29p045_shmsTh7p865_thpq2,0,0,7,0,0.1,0.05,0,1,0.5,2.94524,0.00127104,0.00014499,0.114072,238,0,1,1,,1,FIT_INCLUDED,1,1,0.00115527,0.000115775,0.798502,t1:ok_or_best,
group,grp_LH2_zOv_x0p25_Q23p3_tpq2p0,tierOn,z0p90,z = 0.90,pass4/pi+sidis/LH2/z0p9/x0p25/q23p3/hmsPneg1p531_shmsP6p538_hmsTh29p045_shmsTh7p865_thpq2,0,0,8,0,0.1,0.05,0,1,0.5,3.33794,0.000961068,0.000128983,0.134208,258,0,1,1,,1,FIT_INCLUDED,1,1,0.00115526,-0.000194196,-1.5056,t1:ok_or_best,
group,grp_LH2_zOv_x0p25_Q23p3_tpq2p0,tierOn,z0p90,z = 0.90,pass4/pi+sidis/LH2/z0p9/x0p25/q23p3/hmsPneg1p531_shmsP6p538_hmsTh29p045_shmsTh7p865_thpq2,0,0,9,0,0.1,0.05,0,1,0.5,3.73064,0.00147574,0.000166836,0.113052,217,0,1,1,,1,FIT_INCLUDED,1,1,0.0012532,0.000222539,1.33388,t1:ok_or_best,
group,grp_LH2_zOv_x0p25_Q23p3_tpq2p0,tierOn,z0p90,z = 0.90,pass4/pi+sidis/LH2/z0p9/x0p25/q23p3/hmsPneg1p531_shmsP6p538_hmsTh29p045_shmsTh7p865_thpq2,0,0,10,0,0.1,0.05,0,1,0.5,4.12334,0.0012792,0.000206045,0.161073,142,0,1,1,,1,FIT_INCLUDED,1,1,0.00143417,-0.000154965,-0.752094,t1:ok_or_best,
group,grp_LH2_zOv_x0p25_Q23p3_tpq2p0,tierOn,z0p90,z = 0.90,pass4/pi+sidis/LH2/z0p9/x0p25/q23p3/hmsPneg1p531_shmsP6p538_hmsTh29p045_shmsTh7p865_thpq2,0,0,11,0,0.1,0.05,0,1,0.5,4.51604,0.00164353,0.000323725,0.19697,82,2,0,0,VALID_DEFAULT0,0,,1,1,0.00167061,-2.70764e-05,-0.0836401,t1:ok_or_best,
group,grp_LH2_zOv_x0p25_Q23p3_tpq2p0,tierOn,z0p90,z = 0.90,pass4/pi+sidis/LH2/z0p9/x0p25/q23p3/hmsPneg1p531_shmsP6p538_hmsTh29p045_shmsTh7p865_thpq2,0,0,12,0,0.1,0.05,0,1,0.5,4.90874,0.00184222,0.000656048,0.356119,21,2,0,0,VALID_DEFAULT0,0,,1,1,0.00192653,-8.43084e-05,-0.12851,t1:ok_or_best,
group,grp_LH2_zOv_x0p25_Q23p3_tpq2p0,tierOn,z0p90,z = 0.90,pass4/pi+sidis/LH2/z0p9/x0p25/q23p3/hmsPneg1p531_shmsP6p538_hmsTh29p045_shmsTh7p865_thpq2,0,0,13,0,0.1,0.05,0,1,0.5,5.30144,0.00161127,0.0013733,0.852308,8,262,0,0,VALID_DEFAULT0,0,,1,1,0.00216297,-0.000551699,-0.401733,t1:ok_or_best,
group,grp_LH2_zOv_x0p25_Q23p3_tpq2p0,tierOn,z0p90,z = 0.90,pass4/pi+sidis/LH2/z0p9/x0p25/q23p3/hmsPneg1p531_shmsP6p538_hmsTh29p045_shmsTh7p865_thpq2,0,0,14,0,0.1,0.05,0,1,0.5,5.69414,0.00235648,0.00120868,0.512918,7,262,0,0,VALID_DEFAULT0,0,,1,1,0.00234393,1.25469e-05,0.0103807,t1:ok_or_best,
group,grp_LH2_zOv_x0p25_Q23p3_tpq2p0,tierOn,z0p90,z = 0.90,pass4/pi+sidis/LH2/z0p9/x0p25/q23p3/hmsPneg1p531_shmsP6p538_hmsTh29p045_shmsTh7p865_thpq2,0,0,15,0,0.1,0.05,0,1,0.5,6.08684,0.00644596,0.00555385,0.861602,2,262,0,0,VALID_DEFAULT0,0,,1,1,0.00244187,0.00400409,0.720958,t1:ok_or_best,
group,grp_LH2_zOv_x0p25_Q23p3_tpq2p0,tierOn,z0p90,z = 0.90,pass4/pi+sidis/LH2/z0p9/x0p25/q23p3/hmsPneg1p531_shmsP6p538_hmsTh29p045_shmsTh7p865_thpq2,1,0,0,0.1,0.2,0.15,0,1,0.5,0.19635,-999,-999,-999,0,1027,0,0,NONFINITE_XSEC,0,,1,1,0.00180734,-999,-999,t1:ok_or_best,
group,grp_LH2_zOv_x0p25_Q23p3_tpq2p0,tierOn,z0p90,z = 0.90,pass4/pi+sidis/LH2/z0p9/x0p25/q23p3/hmsPneg1p531_shmsP6p538_hmsTh29p045_shmsTh7p865_thpq2,1,0,1,0.1,0.2,0.15,0,1,0.5,0.589049,0.000667422,0.000893013,1.338,3,262,0,0,VALID_DEFAULT0,0,,1,1,0.00173124,-0.00106382,-1.19127,t1:ok_or_best,
group,grp_LH2_zOv_x0p25_Q23p3_tpq2p0,tierOn,z0p90,z = 0.90,pass4/pi+sidis/LH2/z0p9/x0p25/q23p3/hmsPneg1p531_shmsP6p538_hmsTh29p045_shmsTh7p865_thpq2,1,0,2,0.1,0.2,0.15,0,1,0.5,0.981748,0.00810524,0.00881941,1.08811,1,262,0,0,VALID_DEFAULT0,0,,1,1,0.00159063,0.00651461,0.738668,t1:ok_or_best,
group,grp_LH2_zOv_x0p25_Q23p3_tpq2p0,tierOn,z0p90,z = 0.90,pass4/pi+sidis/LH2/z0p9/x0p25/q23p3/hmsPneg1p531_shmsP6p538_hmsTh29p045_shmsTh7p865_thpq2,1,0,3,0.1,0.2,0.15,0,1,0.5,1.37445,0.00291544,0.000707284,0.2426,34,2,0,0,VALID_DEFAULT0,0,,1,1,0.00140691,0.00150853,2.13285,t1:ok_or_best,
group,grp_LH2_zOv_x0p25_Q23p3_tpq2p0,tierOn,z0p90,z = 0.90,pass4/pi+sidis/LH2/z0p9/x0p25/q23p3/hmsPneg1p531_shmsP6p538_hmsTh29p045_shmsTh7p865_thpq2,1,0,4,0.1,0.2,0.15,0,1,0.5,1.76715,0.00152452,0.00015971,0.104761,316,0,1,1,,1,FIT_INCLUDED,1,1,0.00120805,0.000316468,1.98152,t1:ok_or_best,
group,grp_LH2_zOv_x0p25_Q23p3_tpq2p0,tierOn,z0p90,z = 0.90,pass4/pi+sidis/LH2/z0p9/x0p25/q23p3/hmsPneg1p531_shmsP6p538_hmsTh29p045_shmsTh7p865_thpq2,1,0,5,0.1,0.2,0.15,0,1,0.5,2.15984,0.00107632,7.79657e-05,0.0724375,836,0,1,1,,1,FIT_INCLUDED,1,1,0.00102434,5.19828e-05,0.666739,t1:ok_or_best,
group,grp_LH2_zOv_x0p25_Q23p3_tpq2p0,tierOn,z0p90,z = 0.90,pass4/pi+sidis/LH2/z0p9/x0p25/q23p3/hmsPneg1p531_shmsP6p538_hmsTh29p045_shmsTh7p865_thpq2,1,0,6,0.1,0.2,0.15,0,1,0.5,2.55254,0.000846866,6.19194e-05,0.0731159,1178,0,1,1,,1,FIT_INCLUDED,1,1,0.000883724,-3.68582e-05,-0.595261,t1:ok_or_best,
group,grp_LH2_zOv_x0p25_Q23p3_tpq2p0,tierOn,z0p90,z = 0.90,pass4/pi+sidis/LH2/z0p9/x0p25/q23p3/hmsPneg1p531_shmsP6p538_hmsTh29p045_shmsTh7p865_thpq2,1,0,7,0.1,0.2,0.15,0,1,0.5,2.94524,0.000823269,4.93575e-05,0.0599531,1291,0,1,1,,1,FIT_INCLUDED,1,1,0.000807625,1.56443e-05,0.31696,t1:ok_or_best,
group,grp_LH2_zOv_x0p25_Q23p3_tpq2p0,tierOn,z0p90,z = 0.90,pass4/pi+sidis/LH2/z0p9/x0p25/q23p3/hmsPneg1p531_shmsP6p538_hmsTh29p045_shmsTh7p865_thpq2,1,0,8,0.1,0.2,0.15,0,1,0.5,3.33794,0.000868272,5.97258e-05,0.0687869,1289,0,1,1,,1,FIT_INCLUDED,1,1,0.000807624,6.06479e-05,1.01544,t1:ok_or_best,
group,grp_LH2_zOv_x0p25_Q23p3_tpq2p0,tierOn,z0p90,z = 0.90,pass4/pi+sidis/LH2/z0p9/x0p25/q23p3/hmsPneg1p531_shmsP6p538_hmsTh29p045_shmsTh7p865_thpq2,1,0,9,0.1,0.2,0.15,0,1,0.5,3.73064,0.000848378,7.90167e-05,0.0931385,1184,0,1,1,,1,FIT_INCLUDED,1,1,0.000883723,-3.53447e-05,-0.447307,t1:ok_or_best,
group,grp_LH2_zOv_x0p25_Q23p3_tpq2p0,tierOn,z0p90,z = 0.90,pass4/pi+sidis/LH2/z0p9/x0p25/q23p3/hmsPneg1p531_shmsP6p538_hmsTh29p045_shmsTh7p865_thpq2,1,0,10,0.1,0.2,0.15,0,1,0.5,4.12334,0.000884058,6.55466e-05,0.0741429,875,0,1,1,,1,FIT_INCLUDED,1,1,0.00102433,-0.000140277,-2.14011,t1:ok_or_best,
group,grp_LH2_zOv_x0p25_Q23p3_tpq2p0,tierOn,z0p90,z = 0.90,pass4/pi+sidis/LH2/z0p9/x0p25/q23p3/hmsPneg1p531_shmsP6p538_hmsTh29p045_shmsTh7p865_thpq2,1,0,11,0.1,0.2,0.15,0,1,0.5,4.51604,0.00127971,0.000142322,0.111214,307,0,1,1,,1,FIT_INCLUDED,1,1,0.00120805,7.16561e-05,0.503479,t1:ok_or_best,
group,grp_LH2_zOv_x0p25_Q23p3_tpq2p0,tierOn,z0p90,z = 0.90,pass4/pi+sidis/LH2/z0p9/x0p25/q23p3/hmsPneg1p531_shmsP6p538_hmsTh29p045_shmsTh7p865_thpq2,1,0,12,0.1,0.2,0.15,0,1,0.5,4.90874,0.00282383,0.000770244,0.272766,32,2,0,0,VALID_DEFAULT0,0,,1,1,0.00140691,0.00141692,1.83957,t1:ok_or_best,
group,grp_LH2_zOv_x0p25_Q23p3_tpq2p0,tierOn,z0p90,z = 0.90,pass4/pi+sidis/LH2/z0p9/x0p25/q23p3/hmsPneg1p531_shmsP6p538_hmsTh29p045_shmsTh7p865_thpq2,1,0,13,0.1,0.2,0.15,0,1,0.5,5.30144,0.000663434,0.00794849,11.9808,1,262,0,0,VALID_DEFAULT0,0,,1,1,0.00159063,-0.000927195,-0.11665,t1:ok_or_best,
group,grp_LH2_zOv_x0p25_Q23p3_tpq2p0,tierOn,z0p90,z = 0.90,pass4/pi+sidis/LH2/z0p9/x0p25/q23p3/hmsPneg1p531_shmsP6p538_hmsTh29p045_shmsTh7p865_thpq2,1,0,14,0.1,0.2,0.15,0,1,0.5,5.69414,-999,-999,-999,0,1035,0,0,NONFINITE_XSEC,0,,1,1,0.00173124,-999,-999,t1:ok_or_best,
group,grp_LH2_zOv_x0p25_Q23p3_tpq2p0,tierOn,z0p90,z = 0.90,pass4/pi+sidis/LH2/z0p9/x0p25/q23p3/hmsPneg1p531_shmsP6p538_hmsTh29p045_shmsTh7p865_thpq2,1,0,15,0.1,0.2,0.15,0,1,0.5,6.08684,-999,-999,-999,0,1027,0,0,NONFINITE_XSEC,0,,1,1,0.00180734,-999,-999,t1:ok_or_best,
group,grp_LH2_zOv_x0p25_Q23p3_tpq2p0,tierOn,z0p90,z = 0.90,pass4/pi+sidis/LH2/z0p9/x0p25/q23p3/hmsPneg1p531_shmsP6p538_hmsTh29p045_shmsTh7p865_thpq2,2,0,0,0.2,0.3,0.25,0,1,0.5,0.19635,-999,-999,-999,0,1027,0,0,NONFINITE_XSEC,0,,1,1,0.001422,-999,-999,t1:ok_or_best,
group,grp_LH2_zOv_x0p25_Q23p3_tpq2p0,tierOn,z0p90,z = 0.90,pass4/pi+sidis/LH2/z0p9/x0p25/q23p3/hmsPneg1p531_shmsP6p538_hmsTh29p045_shmsTh7p865_thpq2,2,0,1,0.2,0.3,0.25,0,1,0.5,0.589049,-999,-999,-999,0,1035,0,0,NONFINITE_XSEC,0,,1,1,0.0013724,-999,-999,t1:ok_or_best,
group,grp_LH2_zOv_x0p25_Q23p3_tpq2p0,tierOn,z0p90,z = 0.90,pass4/pi+sidis/LH2/z0p9/x0p25/q23p3/hmsPneg1p531_shmsP6p538_hmsTh29p045_shmsTh7p865_thpq2,2,0,2,0.2,0.3,0.25,0,1,0.5,0.981748,-999,-999,-999,0,1027,0,0,NONFINITE_XSEC,0,,1,1,0.00128075,-999,-999,t1:ok_or_best,
group,grp_LH2_zOv_x0p25_Q23p3_tpq2p0,tierOn,z0p90,z = 0.90,pass4/pi+sidis/LH2/z0p9/x0p25/q23p3/hmsPneg1p531_shmsP6p538_hmsTh29p045_shmsTh7p865_thpq2,2,0,3,0.2,0.3,0.25,0,1,0.5,1.37445,0.00485988,0.00177093,0.364398,14,2,0,0,VALID_DEFAULT0,0,,1,1,0.00116101,0.00369887,2.08866,t1:ok_or_best,
group,grp_LH2_zOv_x0p25_Q23p3_tpq2p0,tierOn,z0p90,z = 0.90,pass4/pi+sidis/LH2/z0p9/x0p25/q23p3/hmsPneg1p531_shmsP6p538_hmsTh29p045_shmsTh7p865_thpq2,2,0,4,0.2,0.3,0.25,0,1,0.5,1.76715,0.00120953,0.000115997,0.0959023,484,0,1,1,,1,FIT_INCLUDED,1,1,0.0010314,0.000178131,1.53565,t1:ok_or_best,
group,grp_LH2_zOv_x0p25_Q23p3_tpq2p0,tierOn,z0p90,z = 0.90,pass4/pi+sidis/LH2/z0p9/x0p25/q23p3/hmsPneg1p531_shmsP6p538_hmsTh29p045_shmsTh7p865_thpq2,2,0,5,0.2,0.3,0.25,0,1,0.5,2.15984,0.000794331,4.90897e-05,0.0618,1576,0,1,1,,1,FIT_INCLUDED,1,1,0.000911658,-0.000117327,-2.39006,t1:ok_or_best,
group,grp_LH2_zOv_x0p25_Q23p3_tpq2p0,tierOn,z0p90,z = 0.90,pass4/pi+sidis/LH2/z0p9/x0p25/q23p3/hmsPneg1p531_shmsP6p538_hmsTh29p045_shmsTh7p865_thpq2,2,0,6,0.2,0.3,0.25,0,1,0.5,2.55254,0.000842772,4.26846e-05,0.0506479,2072,0,1,1,,1,FIT_INCLUDED,1,1,0.00082001,2.27618e-05,0.533256,t1:ok_or_best,
group,grp_LH2_zOv_x0p25_Q23p3_tpq2p0,tierOn,z0p90,z = 0.90,pass4/pi+sidis/LH2/z0p9/x0p25/q23p3/hmsPneg1p531_shmsP6p538_hmsTh29p045_shmsTh7p865_thpq2,2,0,7,0.2,0.3,0.25,0,1,0.5,2.94524,0.000735761,4.20196e-05,0.0571104,2167,0,1,1,,1,FIT_INCLUDED,1,1,0.00077041,-3.46494e-05,-0.8246,t1:ok_or_best,
group,grp_LH2_zOv_x0p25_Q23p3_tpq2p0,tierOn,z0p90,z = 0.90,pass4/pi+sidis/LH2/z0p9/x0p25/q23p3/hmsPneg1p531_shmsP6p538_hmsTh29p045_shmsTh7p865_thpq2,2,0,8,0.2,0.3,0.25,0,1,0.5,3.33794,0.000803014,4.10385e-05,0.0511056,2038,0,1,1,,1,FIT_INCLUDED,1,1,0.00077041,3.2604e-05,0.794473,t1:ok_or_best,
group,grp_LH2_zOv_x0p25_Q23p3_tpq2p0,tierOn,z0p90,z = 0.90,pass4/pi+sidis/LH2/z0p9/x0p25/q23p3/hmsPneg1p531_shmsP6p538_hmsTh29p045_shmsTh7p865_thpq2,2,0,9,0.2,0.3,0.25,0,1,0.5,3.73064,0.00085022,4.08126e-05,0.0480024,2124,0,1,1,,1,FIT_INCLUDED,1,1,0.000820009,3.02108e-05,0.740232,t1:ok_or_best,
group,grp_LH2_zOv_x0p25_Q23p3_tpq2p0,tierOn,z0p90,z = 0.90,pass4/pi+sidis/LH2/z0p9/x0p25/q23p3/hmsPneg1p531_shmsP6p538_hmsTh29p045_shmsTh7p865_thpq2,2,0,10,0.2,0.3,0.25,0,1,0.5,4.12334,0.000901305,4.75645e-05,0.0527729,1661,0,1,1,,1,FIT_INCLUDED,1,1,0.000911657,-1.03518e-05,-0.217638,t1:ok_or_best,
group,grp_LH2_zOv_x0p25_Q23p3_tpq2p0,tierOn,z0p90,z = 0.90,pass4/pi+sidis/LH2/z0p9/x0p25/q23p3/hmsPneg1p531_shmsP6p538_hmsTh29p045_shmsTh7p865_thpq2,2,0,11,0.2,0.3,0.25,0,1,0.5,4.51604,0.00113318,0.000101805,0.0898403,531,0,1,1,,1,FIT_INCLUDED,1,1,0.0010314,0.00010178,0.999751,t1:ok_or_best,
group,grp_LH2_zOv_x0p25_Q23p3_tpq2p0,tierOn,z0p90,z = 0.90,pass4/pi+sidis/LH2/z0p9/x0p25/q23p3/hmsPneg1p531_shmsP6p538_hmsTh29p045_shmsTh7p865_thpq2,2,0,12,0.2,0.3,0.25,0,1,0.5,4.90874,0.00210509,0.000760629,0.361329,19,2,0,0,VALID_DEFAULT0,0,,1,1,0.00116101,0.00094408,1.24118,t1:ok_or_best,
group,grp_LH2_zOv_x0p25_Q23p3_tpq2p0,tierOn,z0p90,z = 0.90,pass4/pi+sidis/LH2/z0p9/x0p25/q23p3/hmsPneg1p531_shmsP6p538_hmsTh29p045_shmsTh7p865_thpq2,2,0,13,0.2,0.3,0.25,0,1,0.5,5.30144,0.0171577,0.0181985,1.06066,1,262,0,0,VALID_DEFAULT0,0,,1,1,0.00128075,0.0158769,0.872432,t1:ok_or_best,
group,grp_LH2_zOv_x0p25_Q23p3_tpq2p0,tierOn,z0p90,z = 0.90,pass4/pi+sidis/LH2/z0p9/x0p25/q23p3/hmsPneg1p531_shmsP6p538_hmsTh29p045_shmsTh7p865_thpq2,2,0,14,0.2,0.3,0.25,0,1,0.5,5.69414,-999,-999,-999,0,1027,0,0,NONFINITE_XSEC,0,,1,1,0.0013724,-999,-999,t1:ok_or_best,
group,grp_LH2_zOv_x0p25_Q23p3_tpq2p0,tierOn,z0p90,z = 0.90,pass4/pi+sidis/LH2/z0p9/x0p25/q23p3/hmsPneg1p531_shmsP6p538_hmsTh29p045_shmsTh7p865_thpq2,2,0,15,0.2,0.3,0.25,0,1,0.5,6.08684,-999,-999,-999,0,1035,0,0,NONFINITE_XSEC,0,,1,1,0.001422,-999,-999,t1:ok_or_best,
group,grp_LH2_zOv_x0p25_Q23p3_tpq2p0,tierOn,z0p90,z = 0.90,pass4/pi+sidis/LH2/z0p9/x0p25/q23p3/hmsPneg1p531_shmsP6p538_hmsTh29p045_shmsTh7p865_thpq2,3,0,0,0.3,0.4,0.35,0,1,0.5,0.19635,-999,-999,-999,0,3075,0,0,NONFINITE_XSEC,0,,0,0,0.000839517,-999,-999,t1:bad(PROB); t0:ok_or_best,PROB_TINY
group,grp_LH2_zOv_x0p25_Q23p3_tpq2p0,tierOn,z0p90,z = 0.90,pass4/pi+sidis/LH2/z0p9/x0p25/q23p3/hmsPneg1p531_shmsP6p538_hmsTh29p045_shmsTh7p865_thpq2,3,0,1,0.3,0.4,0.35,0,1,0.5,0.589049,-999,-999,-999,0,3075,0,0,NONFINITE_XSEC,0,,0,0,0.000839517,-999,-999,t1:bad(PROB); t0:ok_or_best,PROB_TINY
group,grp_LH2_zOv_x0p25_Q23p3_tpq2p0,tierOn,z0p90,z = 0.90,pass4/pi+sidis/LH2/z0p9/x0p25/q23p3/hmsPneg1p531_shmsP6p538_hmsTh29p045_shmsTh7p865_thpq2,3,0,2,0.3,0.4,0.35,0,1,0.5,0.981748,-999,-999,-999,0,1035,0,0,NONFINITE_XSEC,0,,0,0,0.000839517,-999,-999,t1:bad(PROB); t0:ok_or_best,PROB_TINY
group,grp_LH2_zOv_x0p25_Q23p3_tpq2p0,tierOn,z0p90,z = 0.90,pass4/pi+sidis/LH2/z0p9/x0p25/q23p3/hmsPneg1p531_shmsP6p538_hmsTh29p045_shmsTh7p865_thpq2,3,0,3,0.3,0.4,0.35,0,1,0.5,1.37445,0.0072104,0.00352917,0.489456,7,6,0,0,VALID_DEFAULT0,0,,0,0,0.000839517,0.00637088,1.80521,t1:bad(PROB); t0:ok_or_best,PROB_TINY
group,grp_LH2_zOv_x0p25_Q23p3_tpq2p0,tierOn,z0p90,z = 0.90,pass4/pi+sidis/LH2/z0p9/x0p25/q23p3/hmsPneg1p531_shmsP6p538_hmsTh29p045_shmsTh7p865_thpq2,3,0,4,0.3,0.4,0.35,0,1,0.5,1.76715,0.000901936,0.00020057,0.222377,322,0,1,1,,1,FIT_INCLUDED,0,0,0.000839517,6.2419e-05,0.311208,t1:bad(PROB); t0:ok_or_best,PROB_TINY
group,grp_LH2_zOv_x0p25_Q23p3_tpq2p0,tierOn,z0p90,z = 0.90,pass4/pi+sidis/LH2/z0p9/x0p25/q23p3/hmsPneg1p531_shmsP6p538_hmsTh29p045_shmsTh7p865_thpq2,3,0,5,0.3,0.4,0.35,0,1,0.5,2.15984,0.000743476,4.95708e-05,0.0666744,1464,0,1,1,,1,FIT_INCLUDED,0,0,0.000839517,-9.6041e-05,-1.93745,t1:bad(PROB); t0:ok_or_best,PROB_TINY
group,grp_LH2_zOv_x0p25_Q23p3_tpq2p0,tierOn,z0p90,z = 0.90,pass4/pi+sidis/LH2/z0p9/x0p25/q23p3/hmsPneg1p531_shmsP6p538_hmsTh29p045_shmsTh7p865_thpq2,3,0,6,0.3,0.4,0.35,0,1,0.5,2.55254,0.000688305,3.69939e-05,0.0537464,2147,0,1,1,,1,FIT_INCLUDED,0,0,0.000839517,-0.000151212,-4.08748,t1:bad(PROB); t0:ok_or_best,PROB_TINY
group,grp_LH2_zOv_x0p25_Q23p3_tpq2p0,tierOn,z0p90,z = 0.90,pass4/pi+sidis/LH2/z0p9/x0p25/q23p3/hmsPneg1p531_shmsP6p538_hmsTh29p045_shmsTh7p865_thpq2,3,0,7,0.3,0.4,0.35,0,1,0.5,2.94524,0.000865575,4.77507e-05,0.0551665,1812,0,1,1,,1,FIT_INCLUDED,0,0,0.000839517,2.6058e-05,0.54571,t1:bad(PROB); t0:ok_or_best,PROB_TINY
group,grp_LH2_zOv_x0p25_Q23p3_tpq2p0,tierOn,z0p90,z = 0.90,pass4/pi+sidis/LH2/z0p9/x0p25/q23p3/hmsPneg1p531_shmsP6p538_hmsTh29p045_shmsTh7p865_thpq2,3,0,8,0.3,0.4,0.35,0,1,0.5,3.33794,0.00093943,5.04791e-05,0.0537338,1784,0,1,1,,1,FIT_INCLUDED,0,0,0.000839517,9.9913e-05,1.9793,t1:bad(PROB); t0:ok_or_best,PROB_TINY
group,grp_LH2_zOv_x0p25_Q23p3_tpq2p0,tierOn,z0p90,z = 0.90,pass4/pi+sidis/LH2/z0p9/x0p25/q23p3/hmsPneg1p531_shmsP6p538_hmsTh29p045_shmsTh7p865_thpq2,3,0,9,0.3,0.4,0.35,0,1,0.5,3.73064,0.000879236,4.45775e-05,0.0507003,2085,0,1,1,,1,FIT_INCLUDED,0,0,0.000839517,3.9719e-05,0.891011,t1:bad(PROB); t0:ok_or_best,PROB_TINY
group,grp_LH2_zOv_x0p25_Q23p3_tpq2p0,tierOn,z0p90,z = 0.90,pass4/pi+sidis/LH2/z0p9/x0p25/q23p3/hmsPneg1p531_shmsP6p538_hmsTh29p045_shmsTh7p865_thpq2,3,0,10,0.3,0.4,0.35,0,1,0.5,4.12334,0.00104632,6.29181e-05,0.0601328,1378,0,1,1,,1,FIT_INCLUDED,0,0,0.000839517,0.000206803,3.28686,t1:bad(PROB); t0:ok_or_best,PROB_TINY
group,grp_LH2_zOv_x0p25_Q23p3_tpq2p0,tierOn,z0p90,z = 0.90,pass4/pi+sidis/LH2/z0p9/x0p25/q23p3/hmsPneg1p531_shmsP6p538_hmsTh29p045_shmsTh7p865_thpq2,3,0,11,0.3,0.4,0.35,0,1,0.5,4.51604,0.00133439,0.000140255,0.105108,361,0,1,1,,1,FIT_INCLUDED,0,0,0.000839517,0.000494873,3.52838,t1:bad(PROB); t0:ok_or_best,PROB_TINY
group,grp_LH2_zOv_x0p25_Q23p3_tpq2p0,tierOn,z0p90,z = 0.90,pass4/pi+sidis/LH2/z0p9/x0p25/q23p3/hmsPneg1p531_shmsP6p538_hmsTh29p045_shmsTh7p865_thpq2,3,0,12,0.3,0.4,0.35,0,1,0.5,4.90874,0.0026289,0.00874817,3.32769,2,262,0,0,VALID_DEFAULT0,0,,0,0,0.000839517,0.00178938,0.204544,t1:bad(PROB); t0:ok_or_best,PROB_TINY
group,grp_LH2_zOv_x0p25_Q23p3_tpq2p0,tierOn,z0p90,z = 0.90,pass4/pi+sidis/LH2/z0p9/x0p25/q23p3/hmsPneg1p531_shmsP6p538_hmsTh29p045_shmsTh7p865_thpq2,3,0,13,0.3,0.4,0.35,0,1,0.5,5.30144,-999,-999,-999,0,1027,0,0,NONFINITE_XSEC,0,,0,0,0.000839517,-999,-999,t1:bad(PROB); t0:ok_or_best,PROB_TINY
group,grp_LH2_zOv_x0p25_Q23p3_tpq2p0,tierOn,z0p90,z = 0.90,pass4/pi+sidis/LH2/z0p9/x0p25/q23p3/hmsPneg1p531_shmsP6p538_hmsTh29p045_shmsTh7p865_thpq2,3,0,14,0.3,0.4,0.35,0,1,0.5,5.69414,-999,-999,-999,0,1027,0,0,NONFINITE_XSEC,0,,0,0,0.000839517,-999,-999,t1:bad(PROB); t0:ok_or_best,PROB_TINY
group,grp_LH2_zOv_x0p25_Q23p3_tpq2p0,tierOn,z0p90,z = 0.90,pass4/pi+sidis/LH2/z0p9/x0p25/q23p3/hmsPneg1p531_shmsP6p538_hmsTh29p045_shmsTh7p865_thpq2,3,0,15,0.3,0.4,0.35,0,1,0.5,6.08684,-999,-999,-999,0,1027,0,0,NONFINITE_XSEC,0,,0,0,0.000839517,-999,-999,t1:bad(PROB); t0:ok_or_best,PROB_TINY
